id,oid,name,code,price,sale-price,orderable,ship-weight,taxable
21,afsixbrdr,Dessy Group: After Six Bridesmaid Dresses,NULL,"","",No,"",Yes
22,afsixbrdrst,After Six Bridesmaid Dress Style 6782,A6782,265.00 ,225.00 ,Yes,"",Yes
23,afsixbrdrst1,After Six Bridesmaid Dress Style ,D6819,248.00 ,211.00 ,Yes,"",Yes
24,afsixbrdrst11,After Six Bridesmaid Dress Style 1524,S1524,187.00 ,159.00 ,Yes,"",Yes
25,afsixbrdrst6,After Six Bridesmaid Dress Style 6817,A6817,248.00 ,211.00 ,Yes,"",Yes
26,afsixbrdrst61,After Six Bridesmaid Dress Style 6818,D6818,248.00 ,211.00 ,Yes,"",Yes
27,afsixbrdrst610,After Six Bridesmaid Dress Style 6781,A6781,223.00 ,190.00 ,Yes,"",Yes
28,afsixbrdrst611,After Six Bridesmaid Dress Style  6826,S6826,248.00 ,211.00 ,Yes,"",Yes
29,afsixbrdrst612,After Six Bridesmaid Dress Style  6828,S6828,231.00 ,196.00 ,Yes,"",Yes
30,afsixbrdrst613,After Six Bridesmaid Dress Style 6829,S6829,231.00 ,196.00 ,Yes,"",Yes
31,afsixbrdrst614,After Six Bridesmaid Dress Style 6760,A6760,263.00 ,224.00 ,Yes,"",Yes
32,afsixbrdrst615,After Six Bridesmaid Dress Style 6830,A6830,231.00 ,196.00 ,Yes,"",Yes
33,afsixbrdrst62,After Six Bridesmaid Dress Style 6820,D6820,231.00 ,196.00 ,Yes,"",Yes
34,afsixbrdrst621,After Six Bridesmaid Dress Style 6777,A6777,257.00 ,218.00 ,Yes,"",Yes
35,afsixbrdrst622,After Six Bridesmaid Dress Style 6776,A6776,250.00 ,213.00 ,Yes,"",Yes
36,afsixbrdrst623,After Six Bridesmaid Dress Style 6775,A6775,250.00 ,213.00 ,Yes,"",Yes
37,afsixbrdrst63,After Six Bridesmaid Dress Style 6821,D6821,231.00 ,196.00 ,Yes,"",Yes
38,afsixbrdrst633,After Six Bridesmaid Dress Style 6769,A6769,263.00 ,224.00 ,Yes,"",Yes
39,afsixbrdrst636,After Six Bridesmaid Dress Style 6808,A6808,244.00 ,208.00 ,Yes,"",Yes
40,afsixbrdrst639,After Six Bridesmaid Dress Style 6809,A6809,248.00 ,211.00 ,Yes,"",Yes
41,afsixbrdrst64,After Six Bridesmaid Dress Style 6758,A6758,261.00 ,222.00 ,Yes,"",Yes
42,afsixbrdrst640,After Six Bridesmaid Dress Style 6810,A6810,231.00 ,197.00 ,Yes,"",Yes
43,afsixbrdrst65,After Six Bridesmaid Dress Style 6822,D6822,242.00 ,206.00 ,Yes,"",Yes
44,afsixbrdrst650,After Six Bridesmaid Dress Style 6766,A6766,221.00 ,188.00 ,Yes,"",Yes
45,afsixbrdrst651,After Six Bridesmaid Dress Style 6766P,A6766P,263.00 ,224.00 ,Yes,"",Yes
46,afsixbrdrst66,After Six Bridesmaid Dress Style 6823,D6823,250.00 ,213.00 ,Yes,"",Yes
47,afsixbrdrst67,After Six Bridesmaid Dress Style 6803,A6803,240.00 ,204.00 ,Yes,"",Yes
48,afsixbrdrst68,After Six Bridesmaid Dress Style  6824,S6824,250.00 ,213.00 ,Yes,"",Yes
49,afsixbrdrst69,After Six Bridesmaid Dress Style  6825,S6825,252.00 ,214.00 ,Yes,"",Yes
50,afsixbrdrst8,After Six Bridesmaid Dress Style 6784,A6784,271.00 ,231.00 ,Yes,"",Yes
51,afsixbrdrstb,After Six Bridesmaid Dress Style <br>1525,S1525,187.00 ,159.00 ,Yes,"",Yes
52,afsixbrdrstb1,After Six Bridesmaid Dress Style <br> 1526,S1526,193.00 ,164.00 ,Yes,"",Yes
55,afsixmadrstm1,After Six Maternity Dress Style M424,A6M424,284.00 ,241.00 ,Yes,"",Yes
57,alsubrdr,Dessy Group: Alfred Sung Bridesmaid Dresses,NULL,"","",No,"",Yes
58,alsubrdrstd2,Alfred Sung Bridesmaid Dress Style D734,d734,231.00 ,197.00 ,Yes,"",Yes
59,alsubrdrstd64,Alfred Sung Bridesmaid Dress Style D697,D697,208.00 ,177.00 ,Yes,"",Yes
60,alsubrdrstd66,Alfred Sung Bridesmaid Dress Style D699,D699,242.00 ,206.00 ,Yes,"",Yes
61,alsubrdrstd7,Alfred Sung Bridesmaid Dress Style D707,ASD707,250.00 ,213.00 ,Yes,"",Yes
62,alsubrdrstd71,Alfred Sung Bridesmaid Dress Style D772,D772,242.00 ,206.00 ,Yes,"",Yes
63,alsubrdrstd710,Alfred Sung Bridesmaid Dress Style D784,D784,208.00 ,177.00 ,Yes,"",Yes
64,alsubrdrstd711,Alfred Sung Bridesmaid Dress Style D783,D783,200.00 ,170.00 ,Yes,"",Yes
65,alsubrdrstd712,Alfred Sung Bridesmaid Dress Style D787,D787,244.00 ,207.00 ,Yes,"",Yes
66,alsubrdrstd713,Alfred Sung Bridesmaid Dress Style D789,D789,208.00 ,177.00 ,Yes,"",Yes
67,alsubrdrstd714,Alfred Sung Bridesmaid Dress Style D790,D790,208.00 ,177.00 ,Yes,"",Yes
68,alsubrdrstd72,Alfred Sung Bridesmaid Dress Style D773,AD773,208.00 ,178.00 ,Yes,"",Yes
69,alsubrdrstd727,Alfred Sung Bridesmaid Dress Style D746,D746,221.00 ,188.00 ,Yes,"",Yes
70,alsubrdrstd73,Alfred Sung Bridesmaid Dress Style D774,D774,236.00 ,201.00 ,Yes,"",Yes
71,alsubrdrstd730,Alfred Sung Bridesmaid Dress Style D747,D747,242.00 ,206.00 ,Yes,"",Yes
72,alsubrdrstd731,Alfred Sung Bridesmaid Dress Style D748FP,D748FP,243.00 ,207.00 ,Yes,"",Yes
73,alsubrdrstd732,Alfred Sung Bridesmaid Dress Style D748CP,D748CP,243.00 ,207.00 ,Yes,"",Yes
74,alsubrdrstd733,Alfred Sung Bridesmaid Dress Style D748,D748,223.00 ,190.00 ,Yes,"",Yes
75,alsubrdrstd738,Alfred Sung Bridesmaid Dress Style D750,D750,229.00 ,195.00 ,Yes,"",Yes
76,alsubrdrstd739,Alfred Sung Bridesmaid Dress Style D751,F751,243.00 ,207.00 ,Yes,"",Yes
77,alsubrdrstd74,Alfred Sung Bridesmaid Dress Style D775,D775,208.00 ,177.00 ,Yes,"",Yes
78,alsubrdrstd747,Alfred Sung Bridesmaid Dress Style D754,D754,231.00 ,197.00 ,Yes,"",Yes
79,alsubrdrstd75,Alfred Sung Bridesmaid Dress Style D776,D776,242.00 ,206.00 ,Yes,"",Yes
80,alsubrdrstd750,Alfred Sung Bridesmaid Dress Style D755,D755,242.00 ,206.00 ,Yes,"",Yes
81,alsubrdrstd753,Alfred Sung Bridesmaid Dress Style D707FP,D707FP,250.00 ,213.00 ,Yes,"",Yes
82,alsubrdrstd754,Alfred Sung Bridesmaid Dress Style D707CP,D7070CP,250.00 ,213.00 ,Yes,"",Yes
83,alsubrdrstd76,Alfred Sung Bridesmaid Dress Style D777,D777,208.00 ,177.00 ,Yes,"",Yes
84,alsubrdrstd77,Alfred Sung Bridesmaid Dress Style D778,D778,242.00 ,206.00 ,Yes,"",Yes
85,alsubrdrstd78,Alfred Sung Bridesmaid Dress Style D779,D779,244.00 ,207.00 ,Yes,"",Yes
86,alsubrdrstd79,Alfred Sung Bridesmaid Dress Style D780,D780,248.00 ,211.00 ,Yes,"",Yes
87,alsubrstd6,Alfred Sung Bridesmaid Dress Style D699CP,ASD699,263.00 ,224.00 ,Yes,"",Yes
88,alsumabrdrst,Alfred Sung Maternity Bridesmaid Dress Style M439,M439,229.00 ,195.00 ,Yes,"",Yes
89,alsumabrdrst1,Alfred Sung Maternity Bridesmaid Dress Style M439FP,M439FP,250.00 ,213.00 ,Yes,"",Yes
112,amflgidr,Amalee Flower Girl Dresses,NULL,"","",No,"",Yes
388,bilebrdr,Bill Levkoff Bridesmaid Dresses,NULL,"","",No,"",Yes
389,bilebrdrst,Bill Levkoff Bridesmaid Dress Style 7034,BL7034,174.00 ,148.00 ,Yes,"",Yes
390,bilebrdrst11,Bill Levkoff Bridesmaid Dress Style 1162,BL1162,206.00 ,178.00 ,Yes,"",Yes
391,bilebrdrst1114,Bill Levkoff Bridesmaid Dress Style 1115,BL1115,224.00 ,191.00 ,Yes,"",Yes
392,bilebrdrst1116,Bill Levkoff Bridesmaid Dress Style 1113,BL1113,216.00 ,184.00 ,Yes,"",Yes
393,bilebrdrst1124,Bill Levkoff Bridesmaid Dress Style 1143,BL1143,230.00 ,196.00 ,Yes,"",Yes
394,bilebrdrst1133,Bill Levkoff Bridesmaid Dress Style 1121,BL1121,216.00 ,184.00 ,Yes,"",Yes
395,bilebrdrst1134,Bill Levkoff Bridesmaid Dress Style 1122,BL1122,210.00 ,179.00 ,Yes,"",Yes
396,bilebrdrst1138,Bill Levkoff Bridesmaid Dress Style 1134,BL1134,230.00 ,196.00 ,Yes,"",Yes
397,bilebrdrst114,Bill Levkoff Bridesmaid Dress Style 1128,BL1128,210.00 ,179.00 ,Yes,"",Yes
398,bilebrdrst1148,Bill Levkoff Bridesmaid Dress Style 1172,BL1172,230.00 ,196.00 ,Yes,"",Yes
399,bilebrdrst1158,Bill Levkoff Bridesmaid Dress Style 1160,BL1160,210.00 ,179.00 ,Yes,"",Yes
400,bilebrdrst1159,Bill Levkoff Bridesmaid Dress Style 1161,BL1161,240.00 ,204.00 ,Yes,"",Yes
401,bilebrdrst1161,Bill Levkoff Bridesmaid Dress Style 1163,BL1163,230.00 ,196.00 ,Yes,"",Yes
402,bilebrdrst1162,Bill Levkoff Bridesmaid Dress Style 1164,BL1164,224.00 ,191.00 ,Yes,"",Yes
403,bilebrdrst1163,Bill Levkoff Bridesmaid Dress Style 1165,BL1165,220.00 ,187.00 ,Yes,"",Yes
404,bilebrdrst1170,Bill Levkoff Bridesmaid Dress Style 1173,BL1173,230.00 ,196.00 ,Yes,"",Yes
405,bilebrdrst1174,Bill Levkoff Bridesmaid Dress Style 1177,BL1177,230.00 ,196.00 ,Yes,"",Yes
406,bilebrdrst1175,Bill Levkoff Bridesmaid Dress Style 1178,BL1178,220.00 ,187.00 ,Yes,"",Yes
407,bilebrdrst1176,Bill Levkoff Bridesmaid Dress Style 1179,BL1179,190.00 ,162.00 ,Yes,"",Yes
408,bilebrdrst118,Bill Levkoff Bridesmaid Dress Style 1124,BL1124,220.00 ,187.00 ,Yes,"",Yes
409,bilebrdrst121,Bill Levkoff Bridesmaid Dress Style 1201,BL1201,220.00 ,187.00 ,Yes,"",Yes
410,bilebrdrst1213,Bill Levkoff Bridesmaid Dress Style 1213,BL1213,220.00 ,187.00 ,Yes,"",Yes
411,bilebrdrst1214,Bill Levkoff Bridesmaid Dress Style 1214,BL1214,220.00 ,187.00 ,Yes,"",Yes
412,bilebrdrst1218,Bill Levkoff Bridesmaid Dress Style 1218,BL1218,230.00 ,196.00 ,Yes,"",Yes
413,bilebrdrst1223,Bill Levkoff Bridesmaid Dress Style 1223,BL1223,210.00 ,179.00 ,Yes,"",Yes
414,bilebrdrst1228,Bill Levkoff Bridesmaid Dress Style 1228,BL1228,224.00 ,183.00 ,Yes,"",Yes
415,bilebrdrst123,Bill Levkoff Bridesmaid Dress Style 1203,BL1203,220.00 ,187.00 ,Yes,"",Yes
416,bilebrdrst1235,Bill Levkoff Bridesmaid Dress Style 1250,BL1250,220.00 ,187.00 ,Yes,"",Yes
417,bilebrdrst1236,Bill Levkoff Bridesmaid Dress Style 1251,BL1251,210.00 ,179.00 ,Yes,"",Yes
418,bilebrdrst1237,Bill Levkoff Bridesmaid Dress Style 1252 ,BL1252,220.00 ,187.00 ,Yes,"",Yes
419,bilebrdrst124,Bill Levkoff Bridesmaid Dress Style 1204,BL1204,220.00 ,187.00 ,Yes,"",Yes
420,bilebrdrst1246,Bill Levkoff Bridesmaid Dress Style 1260,BL1260,220.00 ,187.00 ,Yes,"",Yes
421,bilebrdrst1251,Bill Levkoff Bridesmaid Dress Style 1266,BL1266,190.00 ,162.00 ,Yes,"",Yes
422,bilebrdrst1253,Bill Levkoff Bridesmaid Dress Style 1268,BL1268,210.00 ,178.00 ,Yes,"",Yes
423,bilebrdrst1254,Bill Levkoff Bridesmaid Dress Style 1269,BL1269,210.00 ,178.00 ,Yes,"",Yes
424,bilebrdrst1258,Bill Levkoff Bridesmaid Dress Style 1273,BL1273,210.00 ,178.00 ,Yes,"",Yes
425,bilebrdrst1259,Bill Levkoff Bridesmaid Dress Style 1274,BL1274,210.00 ,178.00 ,Yes,"",Yes
426,bilebrdrst1261,Bill Levkoff Bridesmaid Dress Style 1276,BL1276,210.00 ,178.00 ,Yes,"",Yes
427,bilebrdrst1263,Bill Levkoff Bridesmaid Dress Style 1278,BL1278,200.00 ,170.00 ,Yes,"",Yes
428,bilebrdrst1412,Bill Levkoff Bridesmaid Dress Style 1412,BL1412,220.00 ,187.00 ,Yes,"",Yes
429,bilebrdrst142,Bill Levkoff Bridesmaid Dress Style 1402,BL1402,200.00 ,170.00 ,Yes,"",Yes
430,bilebrdrst1429,Bill Levkoff Bridesmaid Dress Style 1454,BL1454,200.00 ,170.00 ,Yes,"",Yes
431,bilebrdrst143,Bill Levkoff Bridesmaid Dress Style 1403,BL1403,200.00 ,170.00 ,Yes,"",Yes
432,bilebrdrst1430,Bill Levkoff Bridesmaid Dress Style 1456,BL1456,210.00 ,179.00 ,Yes,"",Yes
433,bilebrdrst1431,Bill Levkoff Bridesmaid Dress Style 1458,BL1458,180.00 ,153.00 ,Yes,"",Yes
434,bilebrdrst1432,Bill Levkoff Bridesmaid Dress Style 1460,BL1460,196.00 ,167.00 ,Yes,"",Yes
435,bilebrdrst1433,Bill Levkoff Bridesmaid Dress Style 1462,BL1462,220.00 ,187.00 ,Yes,"",Yes
436,bilebrdrst1434,Bill Levkoff Bridesmaid Dress Style 1465,BL1465,210.00 ,179.00 ,Yes,"",Yes
437,bilebrdrst1438,Bill Levkoff Bridesmaid Dress Style 1452,BL1452,220.00 ,187.00 ,Yes,"",Yes
438,bilebrdrst144,Bill Levkoff Bridesmaid Dress Style 1404,BL1404,200.00 ,170.00 ,Yes,"",Yes
439,bilebrdrst1440,Bill Levkoff Bridesmaid Dress Style 1455,BL1455,184.00 ,157.00 ,Yes,"",Yes
440,bilebrdrst1441,Bill Levkoff Bridesmaid Dress Style 1457,BL1457,210.00 ,179.00 ,Yes,"",Yes
441,bilebrdrst1443,Bill Levkoff Bridesmaid Dress Style 1461,BL1461,180.00 ,153.00 ,Yes,"",Yes
442,bilebrdrst1444,Bill Levkoff Bridesmaid Dress Style 1463,BL1463,184.00 ,157.00 ,Yes,"",Yes
443,bilebrdrst1445,Bill Levkoff Bridesmaid Dress Style 1464,bl1464,204.00 ,174.00 ,Yes,"",Yes
444,bilebrdrst145,Bill Levkoff Bridesmaid Dress Style 1405,BL1405,210.00 ,178.00 ,Yes,"",Yes
445,bilebrdrst146,Bill Levkoff Bridesmaid Dress Style 1406,BL1406,220.00 ,187.00 ,Yes,"",Yes
446,bilebrdrst147,Bill Levkoff Bridesmaid Dress Style 1407,BL1407,198.00 ,169.00 ,Yes,"",Yes
447,bilebrdrst15,Bill Levkoff Bridesmaid Dress Style 1500,BL1500,200.00 ,170.00 ,Yes,"",Yes
448,bilebrdrst1513,Bill Levkoff Bridesmaid Dress Style 1511,BL1511,200.00 ,170.00 ,Yes,"",Yes
449,bilebrdrst1514,Bill Levkoff Bridesmaid Dress Style 1513,BL1513,216.00 ,184.00 ,Yes,"",Yes
450,bilebrdrst152,Bill Levkoff Bridesmaid Dress Style 1502,bl1502,220.00 ,187.00 ,Yes,"",Yes
451,bilebrdrst1520,Bill Levkoff Bridesmaid Dress Style 1518,BL1518,216.00 ,184.00 ,Yes,"",Yes
452,bilebrdrst1521,Bill Levkoff Bridesmaid Dress Style 1550,bl1550,210.00 ,179.00 ,Yes,"",Yes
453,bilebrdrst1523,Bill Levkoff Bridesmaid Dress Style 1552,bl1552,210.00 ,179.00 ,Yes,"",Yes
454,bilebrdrst1524,Bill Levkoff Bridesmaid Dress Style 1553,bl1553,200.00 ,170.00 ,Yes,"",Yes
455,bilebrdrst1525,Bill Levkoff Bridesmaid Dress Style 1554,bl1554,210.00 ,179.00 ,Yes,"",Yes
456,bilebrdrst153,Bill Levkoff Bridesmaid Dress Style 1503,bl1503,200.00 ,170.00 ,Yes,"",Yes
457,bilebrdrst1533,Bill Levkoff Bridesmaid Dress Style 1562,bl1562,240.00 ,204.00 ,Yes,"",Yes
458,bilebrdrst1534,Bill Levkoff Bridesmaid Dress Style 1563,bl1563,210.00 ,179.00 ,Yes,"",Yes
459,bilebrdrst154,Bill Levkoff Bridesmaid Dress Style 1504,bl1504,200.00 ,170.00 ,Yes,"",Yes
460,bilebrdrst16,Bill Levkoff Bridesmaid Dress Style 1600,BL1600,230.00 ,196.00 ,Yes,"",Yes
461,bilebrdrst1613,Bill Levkoff Bridesmaid Dress Style 1613,BL1613,210.00 ,179.00 ,Yes,"",Yes
462,bilebrdrst1614,Bill Levkoff Bridesmaid Dress Style 1614,BL1614,200.00 ,170.00 ,Yes,"",Yes
463,bilebrdrst1616,Bill Levkoff Bridesmaid Dress Style 1616,BL1616,200.00 ,170.00 ,Yes,"",Yes
464,bilebrdrst1618,Bill Levkoff Bridesmaid Dress Style 1618,BL1618,230.00 ,196.00 ,Yes,"",Yes
465,bilebrdrst1620,Bill Levkoff Bridesmaid Dress Style 1620,BL1620,230.00 ,196.00 ,Yes,"",Yes
466,bilebrdrst1621,Bill Levkoff Bridesmaid Dress Style 1621,BL1621,220.00 ,187.00 ,Yes,"",Yes
467,bilebrdrst1622,Bill Levkoff Bridesmaid Dress Style 1622,BL1622,230.00 ,196.00 ,Yes,"",Yes
468,bilebrdrst1623,Bill Levkoff Bridesmaid Dress Style 1623,BL1623,230.00 ,196.00 ,Yes,"",Yes
469,bilebrdrst1625,Bill Levkoff Bridesmaid Dress Style 1625,BL1625,230.00 ,196.00 ,Yes,"",Yes
470,bilebrdrst1626,Bill Levkoff Bridesmaid Dress Style 1630,BL1630,220.00 ,187.00 ,Yes,"",Yes
471,bilebrdrst165,Bill Levkoff Bridesmaid Dress Style 1605,BL1605,220.00 ,187.00 ,Yes,"",Yes
472,bilebrdrst166,Bill Levkoff Bridesmaid Dress Style 1606,BL1606,210.00 ,179.00 ,Yes,"",Yes
473,bilebrdrst168,Bill Levkoff Bridesmaid Dress Style 1608,BL1608,210.00 ,179.00 ,Yes,"",Yes
474,bilebrdrst169,Bill Levkoff Bridesmaid Dress Style 1609,BL1609,210.00 ,179.00 ,Yes,"",Yes
475,bilebrdrst17,Bill Levkoff Bridesmaid Dress Style <br>1700,BL1700,198.00 ,168.00 ,Yes,"",Yes
476,bilebrdrst171,Bill Levkoff Bridesmaid Dress Style <br>1701,BL1701,210.00 ,178.00 ,Yes,"",Yes
477,bilebrdrst1710,Bill Levkoff Bridesmaid Dress Style <br>1710,BL1710,230.00 ,195.00 ,Yes,"",Yes
478,bilebrdrst172,Bill Levkoff Bridesmaid Dress Style <br>1702,BL1702,220.00 ,187.00 ,Yes,"",Yes
479,bilebrdrst173,Bill Levkoff Bridesmaid Dress Style <br>1703,BL1703,210.00 ,178.00 ,Yes,"",Yes
480,bilebrdrst174,Bill Levkoff Bridesmaid Dress Style <br>1704,BL1704,220.00 ,187.00 ,Yes,"",Yes
481,bilebrdrst175,Bill Levkoff Bridesmaid Dress Style <br>1705,BL1705,218.00 ,185.00 ,Yes,"",Yes
482,bilebrdrst176,Bill Levkoff Bridesmaid Dress Style <br>1707,BL1707,2101.00 ,178.00 ,Yes,"",Yes
483,bilebrdrst177,Bill Levkoff Bridesmaid Dress Style <br>1706,BL1706,210.00 ,178.00 ,Yes,"",Yes
484,bilebrdrst178,Bill Levkoff Bridesmaid Dress Style <br>1708,BL1708,220.00 ,187.00 ,Yes,"",Yes
485,bilebrdrst179,Bill Levkoff Bridesmaid Dress Style <br>1709,BL1709,230.00 ,195.00 ,Yes,"",Yes
486,bilebrdrst477,Bill Levkoff Bridesmaid Dress Style 479,BL479,224.00 ,191.00 ,Yes,"",Yes
487,bilebrdrst484,Bill Levkoff Bridesmaid Dress Style 484,BL484,224.00 ,191.00 ,Yes,"",Yes
488,bilebrdrst485,Bill Levkoff Bridesmaid Dress Style 485,BL485,220.00 ,187.00 ,Yes,"",Yes
489,bilebrdrst492,Bill Levkoff Bridesmaid Dress Style 492,BL492,224.00 ,191.00 ,Yes,"",Yes
490,bilebrdrst496,Bill Levkoff Bridesmaid Dress Style 496,BL496,230.00 ,196.00 ,Yes,"",Yes
491,bilebrdrst498,Bill Levkoff Bridesmaid Dress Style 498,BL498,220.00 ,187.00 ,Yes,"",Yes
492,bilebrdrst70,Bill Levkoff Bridesmaid Dress Style 7025,BL7025,170.00 ,145.00 ,Yes,"",Yes
493,bilebrdrst701,Bill Levkoff Bridesmaid Dress Style 7001,BL7001,150.00 ,128.00 ,Yes,"",Yes
494,bilebrdrst7010,Bill Levkoff Bridesmaid Dress Style 7010,BL7010,150.00 ,128.00 ,Yes,"",Yes
495,bilebrdrst7012,Bill Levkoff Bridesmaid Dress Style 7012,BL7012,150.00 ,128.00 ,Yes,"",Yes
496,bilebrdrst7013,Bill Levkoff Bridesmaid Dress Style 7031,BL7031,174.00 ,148.00 ,Yes,"",Yes
497,bilebrdrst7014,Bill Levkoff Bridesmaid Dress Style 7070,BL7070,180.00 ,153.00 ,Yes,"",Yes
498,bilebrdrst7015,Bill Levkoff Bridesmaid Dress Style 7016,BL7016,178.00 ,151.00 ,Yes,"",Yes
499,bilebrdrst7016,Bill Levkoff Bridesmaid Dress Style 7017,BL7017,170.00 ,145.00 ,Yes,"",Yes
500,bilebrdrst7018,Bill Levkoff Bridesmaid Dress Style 7019,BL7019,170.00 ,145.00 ,Yes,"",Yes
501,bilebrdrst7019,Bill Levkoff Bridesmaid Dress Style 7020,BL7020,170.00 ,145.00 ,Yes,"",Yes
502,bilebrdrst702,Bill Levkoff Bridesmaid Dress Style 7002,BL7002,150.00 ,128.00 ,Yes,"",Yes
503,bilebrdrst7020,Bill Levkoff Bridesmaid Dress Style 7021,BL7021,164.00 ,140.00 ,Yes,"",Yes
504,bilebrdrst7021,Bill Levkoff Bridesmaid Dress Style 7022,BL7022,178.00 ,151.00 ,Yes,"",Yes
505,bilebrdrst7022,Bill Levkoff Bridesmaid Dress Style 7023,BL7023,170.00 ,145.00 ,Yes,"",Yes
506,bilebrdrst7023,Bill Levkoff Bridesmaid Dress Style 7071,BL7071,180.00 ,153.00 ,Yes,"",Yes
507,bilebrdrst7024,Bill Levkoff Bridesmaid Dress Style 7032,BL7032,174.00 ,148.00 ,Yes,"",Yes
508,bilebrdrst7025,Bill Levkoff Bridesmaid Dress Style 7026,BL7026,170.00 ,145.00 ,Yes,"",Yes
509,bilebrdrst7026,Bill Levkoff Bridesmaid Dress Style 7027,BL7027,178.00 ,151.00 ,Yes,"",Yes
510,bilebrdrst7028,Bill Levkoff Bridesmaid Dress Style 7035,BL7035,170.00 ,149.00 ,Yes,"",Yes
511,bilebrdrst7029,Bill Levkoff Bridesmaid Dress Style 7072,BL7072,178.00 ,151.00 ,Yes,"",Yes
512,bilebrdrst703,Bill Levkoff Bridesmaid Dress Style 7003,BL7003,150.00 ,128.00 ,Yes,"",Yes
513,bilebrdrst7030,Bill Levkoff Bridesmaid Dress Style 7037,BL7037,178.00 ,151.00 ,Yes,"",Yes
514,bilebrdrst7031,Bill Levkoff Bridesmaid Dress Style 7038,BL7038,178.00 ,151.00 ,Yes,"",Yes
515,bilebrdrst7032,Bill Levkoff Bridesmaid Dress Style 7039,BL7039,170.00 ,144.00 ,Yes,"",Yes
516,bilebrdrst7033,Bill Levkoff Bridesmaid Dress Style 7073,BL7073,178.00 ,151.00 ,Yes,"",Yes
517,bilebrdrst7034,Bill Levkoff Bridesmaid Dress Style 7074,BL7074,180.00 ,153.00 ,Yes,"",Yes
518,bilebrdrst7035,Bill Levkoff Bridesmaid Dress Style 7042,BL7042,178.00 ,151.00 ,Yes,"",Yes
519,bilebrdrst7036,Bill Levkoff Bridesmaid Dress Style 7043,BL7043,158.00 ,134.00 ,Yes,"",Yes
520,bilebrdrst7037,Bill Levkoff Bridesmaid Dress Style 7044,BL7044,178.00 ,151.00 ,Yes,"",Yes
521,bilebrdrst7038,Bill Levkoff Bridesmaid Dress Style 7045,BL7045,178.00 ,152.00 ,Yes,"",Yes
522,bilebrdrst7039,Bill Levkoff Bridesmaid Dress Style 7075,BL7075,180.00 ,153.00 ,Yes,"",Yes
523,bilebrdrst704,Bill Levkoff Bridesmaid Dress Style 7004,BL7004,150.00 ,128.00 ,Yes,"",Yes
524,bilebrdrst7040,Bill Levkoff Bridesmaid Dress Style 7047,BL7047,178.00 ,151.00 ,Yes,"",Yes
525,bilebrdrst7041,Bill Levkoff Bridesmaid Dress Style 7048,BL7048,178.00 ,151.00 ,Yes,"",Yes
526,bilebrdrst7042,Bill Levkoff Bridesmaid Dress Style 7050,bl7050,178.00 ,152.00 ,Yes,"",Yes
527,bilebrdrst7044,Bill Levkoff Bridesmaid Dress Style 7052,bl7052,170.00 ,145.00 ,Yes,"",Yes
528,bilebrdrst7045,Bill Levkoff Bridesmaid Dress Style 7053,bl7053,178.00 ,152.00 ,Yes,"",Yes
529,bilebrdrst7046,Bill Levkoff Bridesmaid Dress Style 7054,bl7054,178.00 ,152.00 ,Yes,"",Yes
530,bilebrdrst7047,Bill Levkoff Bridesmaid Dress Style 7055,bl7055,178.00 ,152.00 ,Yes,"",Yes
531,bilebrdrst7048,Bill Levkoff Bridesmaid Dress Style 7056,bl7056,178.00 ,152.00 ,Yes,"",Yes
532,bilebrdrst7049,Bill Levkoff Bridesmaid Dress Style 7057,bl7057,178.00 ,152.00 ,Yes,"",Yes
533,bilebrdrst705,Bill Levkoff Bridesmaid Dress Style 7030,BL7030,174.00 ,148.00 ,Yes,"",Yes
534,bilebrdrst7050,Bill Levkoff Bridesmaid Dress Style 7058,bl7058,170.00 ,145.00 ,Yes,"",Yes
535,bilebrdrst7051,Bill Levkoff Bridesmaid Dress Style 7059,bl7059,178.00 ,152.00 ,Yes,"",Yes
536,bilebrdrst7052,Bill Levkoff Bridesmaid Dress Style 7076,BL7076,170.00 ,145.00 ,Yes,"",Yes
537,bilebrdrst7053,Bill Levkoff Bridesmaid Dress Style 7077,BL7077,180.00 ,153.00 ,Yes,"",Yes
538,bilebrdrst7054,Bill Levkoff Bridesmaid Dress Style 7078,BL7078,180.00 ,153.00 ,Yes,"",Yes
539,bilebrdrst7056,Bill Levkoff Bridesmaid Dress Style 7080,BL7080,170.00 ,145.00 ,Yes,"",Yes
540,bilebrdrst7057,Bill Levkoff Bridesmaid Dress Style 7081,BL7081,158.00 ,134.00 ,Yes,"",Yes
541,bilebrdrst7058,Bill Levkoff Bridesmaid Dress Style 7082,BL7082,176.00 ,148.00 ,Yes,"",Yes
542,bilebrdrst7059,Bill Levkoff Bridesmaid Dress Style 7083,bl7083,176.00 ,148.00 ,Yes,"",Yes
543,bilebrdrst706,Bill Levkoff Bridesmaid Dress Style 7006,BL7006,150.00 ,128.00 ,Yes,"",Yes
544,bilebrdrst707,Bill Levkoff Bridesmaid Dress Style 7007,BL7007,150.00 ,128.00 ,Yes,"",Yes
545,bilebrdrst709,Bill Levkoff Bridesmaid Dress Style 7009,BL7009,150.00 ,128.00 ,Yes,"",Yes
546,bilebrdrst71,Bill Levkoff Bridesmaid Dress Style 7100,BL7100,158.00 ,134.00 ,Yes,"",Yes
547,bilebrdrst711,Bill Levkoff Bridesmaid Dress Style 7101,BL7101,170.00 ,144.00 ,Yes,"",Yes
548,bilebrdrst7110,Bill Levkoff Bridesmaid Dress Style 7110,BL7110,150.00 ,127.00 ,Yes,"",Yes
549,bilebrdrst7111,Bill Levkoff Bridesmaid Dress Style 7111,BL7111,150.00 ,127.00 ,Yes,"",Yes
550,bilebrdrst7112,Bill Levkoff Bridesmaid Dress Style 7112,BL7112,178.00 ,151.00 ,Yes,"",Yes
551,bilebrdrst7113,Bill Levkoff Bridesmaid Dress Style 7113,BL7113,150.00 ,127.00 ,Yes,"",Yes
552,bilebrdrst7114,Bill Levkoff Bridesmaid Dress Style 7114,BL7114,170.00 ,144.00 ,Yes,"",Yes
553,bilebrdrst7115,Bill Levkoff Bridesmaid Dress Style 7115,BL7115,158.00 ,134.00 ,Yes,"",Yes
554,bilebrdrst7116,Bill Levkoff Bridesmaid Dress Style 7116,BL7116,150.00 ,127.00 ,Yes,"",Yes
555,bilebrdrst7117,Bill Levkoff Bridesmaid Dress Style <br>7120,BL7120,138.00 ,117.00 ,Yes,"",Yes
556,bilebrdrst7118,Bill Levkoff Bridesmaid Dress Style <br>7122,BL7122,170.00 ,144.00 ,Yes,"",Yes
557,bilebrdrst7119,Bill Levkoff Bridesmaid Dress Style <br>7123,BL7123,178.00 ,151.00 ,Yes,"",Yes
558,bilebrdrst712,Bill Levkoff Bridesmaid Dress Style 7102,BL7102,170.00 ,144.00 ,Yes,"",Yes
559,bilebrdrst7120,Bill Levkoff Bridesmaid Dress Style <br>7124,BL7124,170.00 ,144.00 ,Yes,"",Yes
560,bilebrdrst7121,Bill Levkoff Bridesmaid Dress Style <br>7125,BL7125,170.00 ,144.00 ,Yes,"",Yes
561,bilebrdrst7122,Bill Levkoff Bridesmaid Dress Style <br>7126,BL7126,178.00 ,151.00 ,Yes,"",Yes
562,bilebrdrst7123,Bill Levkoff Bridesmaid Dress Style <br>7127,BL7127,178.00 ,151.00 ,Yes,"",Yes
563,bilebrdrst7124,Bill Levkoff Bridesmaid Dress Style <br>7128,BL7128,170.00 ,144.00 ,Yes,"",Yes
564,bilebrdrst7125,Bill Levkoff Bridesmaid Dress Style <br>7129,BL7129,170.00 ,144.00 ,Yes,"",Yes
565,bilebrdrst7126,Bill Levkoff Bridesmaid Dress Style 7130,BL7130,178.00 ,151.00 ,Yes,"",Yes
566,bilebrdrst7127,Bill Levkoff Bridesmaid Dress Style <br>7131,BL7131,178.00 ,151.00 ,Yes,"",Yes
567,bilebrdrst7128,Bill Levkoff Bridesmaid Dress Style <br>7132,BL7132,178.00 ,151.00 ,Yes,"",Yes
568,bilebrdrst7129,Bill Levkoff Bridesmaid Dress Style <br>7133,BL7133,170.00 ,144.00 ,Yes,"",Yes
569,bilebrdrst713,Bill Levkoff Bridesmaid Dress Style 7103,BL7103,170.00 ,144.00 ,Yes,"",Yes
570,bilebrdrst7130,Bill Levkoff Bridesmaid Dress Style <br>7134,BL7134,176.00 ,149.00 ,Yes,"",Yes
571,bilebrdrst7131,Bill Levkoff Bridesmaid Dress Style <br>7135,BL7135,178.00 ,151.00 ,Yes,"",Yes
572,bilebrdrst7132,Bill Levkoff Bridesmaid Dress Style <br>7136,BL7136,170.00 ,144.00 ,Yes,"",Yes
573,bilebrdrst7133,Bill Levkoff Bridesmaid Dress Style <br>7137,BL7137,170.00 ,144.00 ,Yes,"",Yes
574,bilebrdrst7134,Bill Levkoff Bridesmaid Dress Style <br>7138,BL7138,158.00 ,134.00 ,Yes,"",Yes
575,bilebrdrst7135,Bill Levkoff Bridesmaid Dress Style <br>7139,BL7139,178.00 ,151.00 ,Yes,"",Yes
576,bilebrdrst7136,Bill Levkoff Bridesmaid Dress Style <br>7140,BL7140,178.00 ,151.00 ,Yes,"",Yes
577,bilebrdrst7137,Bill Levkoff Bridesmaid Dress Style <br>7121,BL7121,138.00 ,117.00 ,Yes,"",Yes
578,bilebrdrst714,Bill Levkoff Bridesmaid Dress Style 7104,BL7104,158.00 ,134.00 ,Yes,"",Yes
579,bilebrdrst715,Bill Levkoff Bridesmaid Dress Style 7105,BL7105,170.00 ,144.00 ,Yes,"",Yes
580,bilebrdrst716,Bill Levkoff Bridesmaid Dress Style 7106,BL7106,178.00 ,151.00 ,Yes,"",Yes
581,bilebrdrst717,Bill Levkoff Bridesmaid Dress Style 7107,BL7107,158.00 ,134.00 ,Yes,"",Yes
582,bilebrdrst718,Bill Levkoff Bridesmaid Dress Style 7108,BL7108,158.00 ,134.00 ,Yes,"",Yes
583,bilebrdrst719,Bill Levkoff Bridesmaid Dress Style 7109,BL7109,170.00 ,144.00 ,Yes,"",Yes
584,bilebrdrst972,Bill Levkoff Bridesmaid Dress Style 974,BL974,224.00 ,191.00 ,Yes,"",Yes
585,bilebrdrst974,Bill Levkoff Bridesmaid Dress Style 976,BL976,216.00 ,184.00 ,Yes,"",Yes
586,bilebrdrst976,Bill Levkoff Bridesmaid Dress Style 978,BL978,224.00 ,191.00 ,Yes,"",Yes
587,bilebrdrst986,Bill Levkoff Bridesmaid Dress Style 986,BL986,220.00 ,187.00 ,Yes,"",Yes
588,bilebrdrst991,Bill Levkoff Bridesmaid Dress Style 990,BL990,220.00 ,187.00 ,Yes,"",Yes
589,bilebrdrst992,Bill Levkoff Bridesmaid Dress Style 991,BL991,220.00 ,187.00 ,Yes,"",Yes
590,bileflgidr,Bill Levkoff Flower Girl Dresses,NULL,"","",No,"",Yes
598,bilejubrdr,Bill Levkoff Junior Bridesmaid Dresses,NULL,"","",No,"",Yes
836,dakacob18,Daria Karlozi Collection - <br>Tendresse,KDTendresse,1245.00 ,"",Yes,"",Yes
937,debrdr,Dessy Group: Dessy Bridesmaid Dresses,NULL,"","",No,"",Yes
938,debrdrst,Dessy Bridesmaid Dress Style 2987,D2987,271.00 ,231.00 ,Yes,"",Yes
939,debrdrst2910,Dessy Bridesmaid Dress Style 2988,D2988,271.00 ,231.00 ,Yes,"",Yes
940,debrdrst2918,Dessy Bridesmaid Dress Style 2920,D2920,273.00 ,232.00 ,Yes,"",Yes
941,debrdrst30,Dessy Bridesmaid Dress Style 3022,D3022,246.00 ,209.00 ,Yes,"",Yes
942,debrdrst301,Dessy Bridesmaid Dress Style 3021,D3021,250.00 ,213.00 ,Yes,"",Yes
943,debrdrst3010,Dessy Bridesmaid Dress Style 3012,D3012,257.00 ,218.00 ,Yes,"",Yes
944,debrdrst302,Dessy Bridesmaid Dress Style 3020,D3020,242.00 ,206.00 ,Yes,"",Yes
945,debrdrst303,Dessy Bridesmaid Dress Style 3019,D3019,236.00 ,200.00 ,Yes,"",Yes
946,debrdrst305,Dessy Bridesmaid Dress Style 3017,D3017,263.00 ,224.00 ,Yes,"",Yes
947,debrdrst306,Dessy Bridesmaid Dress Style 3016,D3016,263.00 ,224.00 ,Yes,"",Yes
948,debrdrst307,Dessy Bridesmaid Dress Style 3015,D3015,278.00 ,236.00 ,Yes,"",Yes
949,debrdrst308,Dessy Bridesmaid Dress Style 3014,D3014,278.00 ,236.00 ,Yes,"",Yes
950,debrdrst309,Dessy Bridesmaid Dress Style 3013,D3013,248.00 ,211.00 ,Yes,"",Yes
951,decojubrstjr1,Dessy Junior Bridesmaid Dress Style JR534,DJR534,210.00 ,179.00 ,Yes,"",Yes
952,decomadr,Dessy Collection Maternity Dress Style M429,DM429,231.00 ,197.00 ,Yes,"",Yes
953,decomadrstm4,Dessy Collection Maternity Dress Style M426,DM426,284.00 ,241.00 ,Yes,"",Yes
954,decost292,Dessy Bridesmaid Dress Style 2970,D2970,284.00 ,241.00 ,Yes,"",Yes
1003,degrflgidr,Dessy Group Flower Girl Dresses,NULL,"","",No,"",Yes
1007,degrjepabrdr,Dessy Group: Jenny Packham Bridesmaid Dresses,NULL,"","",No,"",Yes
1008,degrlobrdr,Dessy Group: Lovely Bridesmaid Dresses,NULL,"","",No,"",Yes
1009,degrma,Dessy Group: Maternity Bridesmaid Dresses,NULL,"","",No,"",Yes
1010,dejubrdrstjb1,Dessy Junior Bridesmaid Dress Style JR536CP,DJR536CP,218.00 ,186.00 ,Yes,"",Yes
1011,dejubrdrstjp,Dessy Junior Bridesmaid Dress <br>Style JP552,JP552,231.00 ,196.00 ,Yes,"",Yes
1012,dejubrdrstjr,Dessy Junior Bridesmaid Dress Style JR544,DJR544,215.00 ,183.00 ,Yes,"",Yes
1013,dejubrdrstjr1,Dessy Junior Bridesmaid Dress Style JR545,DJR545,215.00 ,183.00 ,Yes,"",Yes
1014,dejubrdrstjr10,Dessy Junior Bridesmaid Dress Style JR540,DJR540,218.00 ,186.00 ,Yes,"",Yes
1015,dejubrdrstjr11,Dessy Junior Bridesmaid Dress Style JR546,DJR546,215.00 ,183.00 ,Yes,"",Yes
1016,dejubrdrstjr12,Dessy Junior Bridesmaid Dress Style JR547,DJR547,215.00 ,183.00 ,Yes,"",Yes
1017,dejubrdrstjr13,Dessy Junior Bridesmaid Dress Style JR548,DJR548,206.00 ,176.00 ,Yes,"",Yes
1018,dejubrdrstjr14,Dessy Junior Bridesmaid Dress <br>Style JR554,DJR554,221.00 ,188.00 ,Yes,"",Yes
1019,dejubrdrstjr2,Dessy Junior Bridesmaid Dress <br>Style JR549,JR549,227.00 ,193.00 ,Yes,"",Yes
1020,dejubrdrstjr3,Dessy Junior Bridesmaid Dress Style JR534FP,JR534FP,236.00 ,201.00 ,Yes,"",Yes
1021,dejubrdrstjr4,Dessy Junior Bridesmaid Dress <br>Style JR550,JP550,229.00 ,195.00 ,Yes,"",Yes
1022,dejubrdrstjr5,Dessy Junior Bridesmaid Dress Style JR534CP,JR534CP,236.00 ,201.00 ,Yes,"",Yes
1023,dejubrdrstjr6,Dessy Junior Bridesmaid Dress Style JR530,DJR530,210.00 ,179.00 ,Yes,"",Yes
1024,dejubrdrstjr7,Dessy Junior Bridesmaid Dress Style JR536P,DJB536P,218.00 ,186.00 ,Yes,"",Yes
1025,dejubrdrstjr8,Dessy Junior Bridesmaid Dress Style JR536FP,JR536FP,218.00 ,186.00 ,Yes,"",Yes
1026,dejubrdrstjr9,Dessy Junior Bridesmaid Dress <br>Style JR553,JR553,225.00 ,191.00 ,Yes,"",Yes
1421,inrewedrb,Ingram Rebecca Wedding Dress - <br>LETTIE,RILETTIE,1159.00 ,"",Yes,"",Yes
1467,jepabrdrst,Jenny Packham Bridesmaids Dress Style 1007,JP1007,266.00 ,226.00 ,Yes,"",Yes
1468,jepabrdrst10,Jenny Packham Bridesmaid Dress Style 1011,jp1011,290.00 ,247.00 ,Yes,"",Yes
1469,jepabrdrst101,Jenny Packham Bridesmaid Dress Style 1013,jp1013,269.00 ,229.00 ,Yes,"",Yes
1470,jepabrdrst1010,Jenny Packham Bridesmaid Dress Style 1021,jp1021,278.00 ,237.00 ,Yes,"",Yes
1471,jepabrdrst1011,Jenny Packham Bridesmaid Dress Style 1022,jp1022,299.00 ,255.00 ,Yes,"",Yes
1472,jepabrdrst1012,Jenny Packham Bridesmaid Dress Style 1023,jp1023,311.00 ,265.00 ,Yes,"",Yes
1473,jepabrdrst1013,Jenny Packham Bridesmaid Dress Style 1024,JP1024,290.00 ,247.00 ,Yes,"",Yes
1474,jepabrdrst102,Jenny Packham Bridesmaid Dress <br>Style 1036,JP1036,284.00 ,241.00 ,Yes,"",Yes
1475,jepabrdrst103,Jenny Packham Bridesmaid Dress <br>Style 1041,newitem502587283,263.00 ,224.00 ,Yes,"",Yes
1476,jepabrdrst105,Jenny Parkham Bridesmaid Dress Style 1001,JP1001,290.00 ,247.00 ,Yes,"",Yes
1477,jepabrdrstjp,Jenny Packham Bridesmaids Dress Style 1009,JP1009,285.00 ,242.00 ,Yes,"",Yes
1478,jepabrdrstjp1,Jenny Packham Bridesmaids Dress Style 1008,JP1008,264.00 ,224.00 ,Yes,"",Yes
1479,jepabrdrstjp10,Jenny Packham Bridesmaid Dress Style JP1043,JP1043,292.00 ,248.00 ,Yes,"",Yes
1480,jepabrdrstjp2,Jenny Packham Bridesmaids Dress Style 1006,JP1006,236.00 ,201.00 ,Yes,"",Yes
1481,jepabrdrstjp3,Jenny Packham Bridesmaid Dress <br>Style JP1037,JP1037,284.00 ,241.00 ,Yes,"",Yes
1482,jepabrdrstjp4,Jenny Packham Bridesmaids Dress Style 1004,JP1004,256.00 ,218.00 ,Yes,"",Yes
1483,jepabrdrstjp5,Jenny Packham Bridesmaid Dress <br>Style JP1038,JP1038,284.00 ,241.00 ,Yes,"",Yes
1484,jepabrdrstjp6,Jenny Packham Bridesmaid Dress <br>Style JP1039,JP1039,263.00 ,224.00 ,Yes,"",Yes
1485,jepabrdrstjp7,Jenny Packham Bridesmaid Dress <br>Style JP1040,JP1040,273.00 ,232.00 ,Yes,"",Yes
1486,jepabrdrstjp8,Jenny Packham Bridesmaid Dress <br>Style JP1042,JP1042,263.00 ,224.00 ,Yes,"",Yes
1487,jepabrdrstjp9,Jenny Packham Bridesmaid Dress <br>Style JP1042,1042,263.00 ,224.00 ,Yes,"",Yes
1488,jepabrdrstm4,Maternity Bridesmaid Dress <br>Style M440,M440,257.00 ,218.00 ,Yes,"",Yes
1490,jr542,Dessy Junior Bridesmaid Dress Style JR543,DJR543,262.00 ,223.00 ,Yes,"",Yes
1491,jubrdr,Dessy Junior Bridesmaid Dresses,NULL,"","",No,"",Yes
1707,mabrdrstm4,Maternity Bridesmaid Dress Style M441,M441,257.00 ,218.00 ,Yes,"",Yes
1708,mabrdrstm41,Maternity Bridesmaid Dress <br>Style M442,M442,244.00 ,207.00 ,Yes,"",Yes
1709,mabrdrstm42,Maternity Bridesmaid Dress <br>Style M443,M443,244.00 ,207.00 ,Yes,"",Yes
1750,masowedrab,Maggie Sottero Wedding Dress -  <br>ABERDEEN,MSABERDEEN,1425.00 ,"",Yes,"",Yes
1751,masowedrab1,Maggie Sottero Wedding Dress ,MS8MC739,1834.00 ,"",Yes,"",Yes
1752,masowedrably,Maggie Sottero Wedding Dress ,MS8MC739AC,1894.00 ,"",Yes,"",Yes
1753,masowedrai,Maggie Sottero Wedding Dress -  <br>AIDAN,MS9MW858,1834.00 ,"",Yes,"",Yes
1754,masowedral2,Maggie Sottero Wedding Dress ,MS8MC734,1555.00 ,"",Yes,"",Yes
1755,masowedral3,Maggie Sottero Wedding Dress -  <br>ALISTAIRE,MS9MS023,1754.00 ,"",Yes,"",Yes
1756,masowedral4,Maggie Sottero Wedding Dress -  <br>ALTHEA,MSALTHEA,1825.00 ,"",Yes,"",Yes
1757,masowedrally,Maggie Sottero Wedding Dress -  <br>ALISTAIRE LYNETTE,MS9MS023AC,1814.00 ,"",Yes,"",Yes
1758,masowedran3,Maggie Sottero Wedding Dress -  <br>ANASTASIA,MS9MC012,1784.00 ,"",Yes,"",Yes
1759,masowedran5,Maggie Sottero Wedding Dress -   <br>ANTONIA,MS9MW021,1834.00 ,"",Yes,"",Yes
1760,masowedranle,Maggie Sottero Wedding Dress -  <br>ANTONIA LEIGH,newitem490486263,1785.00 ,"",Yes,"",Yes
1761,masowedras,Maggie Sottero Wedding Dress ,MS7MS410,1225.00 ,"",Yes,"",Yes
1762,masowedrau,Maggie Sottero Wedding Dress ,8MS562,1825.00 ,"",Yes,"",Yes
1763,masowedrb,Maggie Sottero Wedding Dress -  <br>Azarliah,MSAzarliah,1349.00 ,"",Yes,"",Yes
1764,masowedrb1,Maggie Sottero Wedding Dress-  <br> Rabia,MSRabia,1499.00 ,"",Yes,"",Yes
1765,masowedrbad,Maggie Sottero Wedding Dress -  <br> Adair,RIADAIR,1529.00 ,"",Yes,"",Yes
1766,masowedrbad1,Maggie Sottero Wedding Dress -  <br> Adele,MSADELE,1198.00 ,"",Yes,"",Yes
1767,masowedrbad2,Maggie Sottero Wedding Dress -  <br> Adrianna,MSAdrianna,1478.00 ,"",Yes,"",Yes
1768,masowedrbag,Maggie Sottero Wedding Dress -  <br> Agnes,MSAgnes,1298.00 ,"",Yes,"",Yes
1769,masowedrbal,Maggie Sottero Wedding Dress -  <br> Alberta,MSAlberta,1389.00 ,"",Yes,"",Yes
1770,masowedrbal1,Maggie Sottero Wedding Dress -  <br> Alyssa,MSALYSSA,1198.00 ,"",Yes,"",Yes
1771,masowedrban,Maggie Sottero Wedding Dress -  <br> Anissa,MSANISSA,1249.00 ,"",Yes,"",Yes
1772,masowedrban1,Maggie Sottero Wedding Dress -  <br> Antonella,MSAntonella,1698.00 ,"",Yes,"",Yes
1773,masowedrbas,Maggie Sottero Wedding Dress -  <br> Astley,MSAstley,1299.00 ,"",Yes,"",Yes
1774,masowedrbba,Maggie Sottero Wedding Dress -  <br> Bayler,MSBAYLER,1499.00 ,"",Yes,"",Yes
1776,masowedrbbe,Maggie Sottero Wedding Dress -  <br> Bevan,MSBevan,1249.00 ,"",Yes,"",Yes
1777,masowedrbbu,Maggie Sottero Wedding Dress -  <br> Burke,MSBURKE,1549.00 ,"",Yes,"",Yes
1778,masowedrbca,Maggie Sottero Wedding Dress -  <br> Callan,MSCALLAN,1689.00 ,"",Yes,"",Yes
1779,masowedrbca1,Maggie Sottero Wedding Dress -  <br> Cairo,MSCairo,1998.00 ,"",Yes,"",Yes
1780,masowedrbch2,Maggie Sottero Wedding Dress -  <br> Charmaine,MACHARMAINE,1349.00 ,"",Yes,"",Yes
1781,masowedrbcl,Maggie Sottero Wedding Dress -  <br> Clarette,newitem504898261,1439.00 ,"",Yes,"",Yes
1782,masowedrbcla,Maggie Sottero Wedding Dress -  <br> Clarette Anne,MSCLARETTEANNE,1749.00 ,"",Yes,"",Yes
1783,masowedrbco,Maggie Sottero Wedding Dress -  <br> Coretta,MSCORETTA,1629.00 ,"",Yes,"",Yes
1784,masowedrbcor,Maggie Sottero Wedding Dress -  <br> Coretta Rose,MSCORETTAROSE,1589.00 ,"",Yes,"",Yes
1785,masowedrbda,Maggie Sottero Wedding Dress -  <br> Dalton,MSDalton,1678.00 ,"",Yes,"",Yes
1786,masowedrbdo,Maggie Sottero Wedding Dress -  <br> Dover,MSDover,1298.00 ,"",Yes,"",Yes
1787,masowedrbdr,Maggie Sottero Wedding Dress -  <br> Drita,MSDrita,1299.00 ,"",Yes,"",Yes
1788,masowedrbe,Maggie Sottero Wedding Dress -  <br>BERTINA,MSBERTINA,1334.00 ,"",Yes,"",Yes
1789,masowedrbe2,Maggie Sottero Wedding Dress ,8MN499,1305.00 ,"",Yes,"",Yes
1790,masowedrbed,Maggie Sottero Wedding Dress -  <br> Edison,MSEdison,1439.00 ,"",Yes,"",Yes
1791,masowedrbem,Maggie Sottero Wedding Dress -  <br> Emiliano,MDEMILIANO,2219.00 ,"",Yes,"",Yes
1792,masowedrber,Maggie Sottero Wedding Dress -  <br> Erin,MSERIN,1779.00 ,"",Yes,"",Yes
1793,masowedrberl,Maggie Sottero Wedding Dress -  <br> Erin Lynette,MSERINLYNETTE,1799.00 ,"",Yes,"",Yes
1794,masowedrberl1,Maggie Sottero Wedding Dress -  <br> Erin Lynette Marie,MSERINLYNETTEMARIE,2179.00 ,"",Yes,"",Yes
1795,masowedrberm,Maggie Sottero Wedding Dress -  <br> Erin Marie,MSERINMARIE,2119.00 ,"",Yes,"",Yes
1796,masowedrbes,Maggie Sottero Wedding Dress -  <br> Ester,MSESTER,1449.00 ,"",Yes,"",Yes
1797,masowedrbfa,Maggie Sottero Wedding Dress -  <br> Farrah,MSFARRAH,1899.00 ,"",Yes,"",Yes
1798,masowedrbfi,Maggie Sottero Wedding Dress -  <br> Fiona,MSFIONA,1998.00 ,"",Yes,"",Yes
1800,masowedrbfo,Maggie Sottero Wedding Dress -  <br> Fontaine,MSFontaine,1789.00 ,"",Yes,"",Yes
1801,masowedrbfr,Maggie Sottero Wedding Dress -  <br> Francesca,MSFRANCESCA,1449.00 ,"",Yes,"",Yes
1802,masowedrbga,Maggie Sottero Wedding Dress -  <br> Garnet,MSGarnet,1749.00 ,"",Yes,"",Yes
1803,masowedrbge,Maggie Sottero Wedding Dress -  <br>  Geneva,MSGENEVA,1499.00 ,"",Yes,"",Yes
1804,masowedrbgi,Maggie Sottero Wedding Dress -  <br> Giana,newitem1,1429.00 ,"",Yes,"",Yes
1805,masowedrbgi1,Maggie Sottero Wedding Dress -  <br> Gideon,MSGIDEON,1799.00 ,"",Yes,"",Yes
1806,masowedrbgil,Maggie Sottero Wedding Dress -  <br> Giana Lynette,MSGIANALYNETTE,1449.00 ,"",Yes,"",Yes
1807,masowedrbgr,Maggie Sottero Wedding Dress -  <br> Gretna,MSGretna,1949.00 ,"",Yes,"",Yes
1808,masowedrbha,Maggie Sottero Wedding Dress -  <br> Halle,MSHALLE,1798.00 ,"",Yes,"",Yes
1809,masowedrbja,Maggie Sottero Wedding Dress -  <br> Juanita Louise,MSJUANITALOUISE,1715.00 ,"",Yes,"",Yes
1810,masowedrbja1,Maggie Sottero Wedding Dress -  <br> Jayla,MSJAYLA,1729.00 ,"",Yes,"",Yes
1811,masowedrbja2,Maggie Sottero Wedding Dress -  <br> January,MSJanuary,1779.00 ,"",Yes,"",Yes
1812,masowedrbjam,Maggie Sottero Wedding Dress -  <br> Jayla Marie,MSJAYLAMARIE,1849.00 ,"",Yes,"",Yes
1813,masowedrbjo,Maggie Sottero Wedding Dress -  <br> Jocelyn,MSJOCELYN,1785.00 ,"",Yes,"",Yes
1814,masowedrbjo1,Maggie Sottero Wedding Dress -  <br> Joelle,MSJOELLE,1698.00 ,"",Yes,"",Yes
1815,masowedrbjo2,Maggie Sottero Wedding Dress -  <br> Johanna,newitem515989773,1998.00 ,"",Yes,"",Yes
1816,masowedrbjo3,Maggie Sottero Wedding Dress -  <br> Josephine,MSJOSEPHINE,1349.00 ,"",Yes,"",Yes
1818,masowedrbju,Maggie Sottero Wedding Dress -  <br> June,MSJUNE,1329.00 ,"",Yes,"",Yes
1819,masowedrbka,Maggie Sottero Wedding Dress -  <br> Kailani,MSKAILANI,1249.00 ,"",Yes,"",Yes
1820,masowedrbka1,Maggie Sottero Wedding Dress -  <br> Katell,MSKatell,"",1899.00 ,Yes,"",Yes
1821,masowedrbke,Maggie Sottero Wedding Dress -  <br> Keeva,MSKeeva,1739.00 ,"",Yes,"",Yes
1822,masowedrbke1,Maggie Sottero Wedding Dress -  <br> Keenan,MSKEENAN,1779.00 ,"",Yes,"",Yes
1823,masowedrbkel,Maggie Sottero Wedding Dress -  <br> Keenan Lynette,MSKEENANLYNETTE,1798.00 ,"",Yes,"",Yes
1824,masowedrbl,Maggie Sottero Wedding Dress -   <br>BLAKE,MS9MC817,1895.00 ,"",Yes,"",Yes
1825,masowedrble,Maggie Sottero Wedding Dress -  <br> Leticia,MSLETICIA,1349.00 ,"",Yes,"",Yes
1826,masowedrbli,Maggie Sottero Wedding Dress -  <br> Livvy,MSLIVVY,1329.00 ,"",Yes,"",Yes
1827,masowedrblo,Maggie Sottero Wedding Dress -  <br> Lonnie,MSLONNIE,1635.00 ,"",Yes,"",Yes
1828,masowedrblo1,Maggie Sottero Wedding Dress -  <br> London,MSLondon,1799.00 ,"",Yes,"",Yes
1829,masowedrblo2,Maggie Sottero Wedding Dress -  <br> Lorenza,MALORENZA,1398.00 ,"",Yes,"",Yes
1831,masowedrblu,Maggie Sottero Wedding Dress -  <br> Lunaria,MSLunaria,1998.00 ,"",Yes,"",Yes
1832,masowedrblu1,Maggie Sottero Wedding Dress -  <br> Lucretia,MSLUCRETIA,1734.00 ,"",Yes,"",Yes
1833,masowedrblum,Maggie Sottero Wedding Dress -  <br> Lunaria Maria,MSLunariaMaria,2089.00 ,"",Yes,"",Yes
1834,masowedrbly,Maggie Sottero Wedding Dress -  <br> Lydia,MSLYDIA,1729.00 ,"",Yes,"",Yes
1835,masowedrblya,Maggie Sottero Wedding Dress -  <br> Lydia Anne,MSLYDIAANNE,1789.00 ,"",Yes,"",Yes
1837,masowedrbma1,Maggie Sottero Wedding Dress -  <br> Marlee,MSMARLEE,1265.00 ,"",Yes,"",Yes
1838,masowedrbma2,Maggie Sottero Wedding Dress -  <br> Marietta,MSMARIETTA,1499.00 ,"",Yes,"",Yes
1839,masowedrbma3,Maggie Sottero Wedding Dress -  <br> Margery,MSMargery,1429.00 ,"",Yes,"",Yes
1842,masowedrbmi,Maggie Sottero Wedding Dress -  <br> Miki,MSMICKI,1685.00 ,"",Yes,"",Yes
1843,masowedrbmi1,Maggie Sottero Wedding Dress -  <br> Mirra,MSMirra,1499.00 ,"",Yes,"",Yes
1844,masowedrbmi2,Maggie Sottero Wedding Dress -  <br> Milena,SMILENA,1889.00 ,"",Yes,"",Yes
1845,masowedrbmi3,Maggie Sottero Wedding Dress -  <br> Mitchell,MSMITCHELL,1289.00 ,"",Yes,"",Yes
1846,masowedrbmim,Maggie Sottero Wedding Dress -  <br> Mitchell  Marie,MSMITCHELLMARIE,1198.00 ,"",Yes,"",Yes
1847,masowedrbna,Maggie Sottero Wedding Dress -  <br> Natalie,MSNATALIE,1585.00 ,"",Yes,"",Yes
1848,masowedrbna1,Maggie Sottero Wedding Dress -  <br> Nadia,MSNADIA,1239.00 ,"",Yes,"",Yes
1849,masowedrbni,Maggie Sottero Wedding Dress -  <br> Nikki,MSNIKKI,1729.00 ,"",Yes,"",Yes
1851,masowedrbno,Maggie Sottero Wedding Dress-  <br> Nora,MSNora,1599.00 ,"",Yes,"",Yes
1852,masowedrboh,Maggie Sottero Wedding Dress-  <br> Ohara,MSOhara,1499.00 ,"",Yes,"",Yes
1853,masowedrbor,Maggie Sottero Wedding Dress -  <br> Orlanda,MSORLANDA,1498.00 ,"",Yes,"",Yes
1854,masowedrbpa,Maggie Sottero Wedding Dress-  <br> Paige,MSPaige,1599.00 ,"",Yes,"",Yes
1855,masowedrbpal,Maggie Sottero Wedding Dress -  <br> Pamela Leigh,MSPAMELALEIGH,1449.00 ,"",Yes,"",Yes
1856,masowedrbpe,Maggie Sottero Wedding Dress-  <br> Pearson,MSPearson,1478.00 ,"",Yes,"",Yes
1857,masowedrbpia,Maggie Sottero Wedding Dress-  <br> Pia,MSPia,1799.00 ,"",Yes,"",Yes
1858,masowedrbpr,Maggie Sottero Wedding Dress -  <br> Prescott,MSPRESCOTT,1419.00 ,"",Yes,"",Yes
1859,masowedrbqu,Maggie Sottero Wedding Dress -  <br> Quinley,MSQUINLEY,1759.00 ,"",Yes,"",Yes
1861,masowedrbr1, Maggie Sottero Wedding Dress ,8MS491,"","",Yes,"",Yes
1862,masowedrbr2,Maggie Sottero Wedding Dress ,MS8MC651,2134.00 ,"",Yes,"",Yes
1863,masowedrbra,Maggie Sottero Wedding Dress -  <br> Raphael,MSRAPHAEL,1669.00 ,"",Yes,"",Yes
1865,masowedrbrad,Maggie Sottero Wedding Dress -  <br> Raphael Dawn,MSRAPHAELDAWN,1639.00 ,"",Yes,"",Yes
1866,masowedrbral,Maggie Sottero Wedding Dress -  <br> Raven Leigh,MSRAVENLEIGH,1439.00 ,"",Yes,"",Yes
1867,masowedrbrly,Maggie Sottero Wedding Dress ,MS8MC651AC,2204.00 ,"",Yes,"",Yes
1868,masowedrbro,Maggie Sottero Wedding Dress -  <br> Roanne,MSROANNE,1889.00 ,"",Yes,"",Yes
1869,masowedrbro1,Maggie Sottero Wedding Dress -  <br> Rosette,MSROSETTE,1998.00 ,"",Yes,"",Yes
1871,masowedrbror,Maggie Sottero Wedding Dress -  <br> Roanne Rose,MSROANNEROSE,1839.00 ,"",Yes,"",Yes
1872,masowedrbru,Maggie Sottero Wedding Dress -  <br> Rudy,MSRUDY,1729.00 ,"",Yes,"",Yes
1873,masowedrbry,Maggie Sottero Wedding Dress -  <br> Ryland,MSRYLAND,1698.00 ,"",Yes,"",Yes
1874,masowedrbse,Maggie Sottero Wedding Dress -  <br> Selena,MSSELENA,1329.00 ,"",Yes,"",Yes
1875,masowedrbse1,Maggie Sottero Wedding Dress-  <br> Sedona,MSSedona,1998.00 ,"",Yes,"",Yes
1876,masowedrbso,Maggie Sottero Wedding Dress -  <br> Sonnet,MSSONNET,1469.00 ,"",Yes,"",Yes
1877,masowedrbso1,Maggie Sottero Wedding Dress-  <br> Sondra,MSSondra,1249.00 ,"",Yes,"",Yes
1879,masowedrbta,Maggie Sottero Wedding Dress -  <br> Tamika,MSTAMIKA,1579.00 ,"",Yes,"",Yes
1880,masowedrbte,Maggie Sottero Wedding Dress -  <br> Tennyson,MSTENNYSON,2198.00 ,"",Yes,"",Yes
1881,masowedrbti,Maggie Sottero Wedding Dress-  <br> Tiffany,MSTiffany,1899.00 ,"",Yes,"",Yes
1882,masowedrbti1,Maggie Sottero Wedding Dress -  <br> Timbrey,MSTIMBREY,1798.00 ,"",Yes,"",Yes
1883,masowedrbtr,Maggie Sottero Wedding Dress -  <br> Trina,MSTRINA,1339.00 ,"",Yes,"",Yes
1884,masowedrbtul,Maggie Sottero Wedding Dress -  <br> Tucany Lane Leigh,MSTUSCANEYLANELEIGH,1599.00 ,"",Yes,"",Yes
1885,masowedrbtur,Maggie Sottero Wedding Dress -  <br> Tuscany Royale,TUSCANYROYALE,2098.00 ,"",Yes,"",Yes
1886,masowedrbva,Maggie Sottero Wedding Dress -  <br> Valentia,MSVALENTIA,1889.00 ,"",Yes,"",Yes
1887,masowedrbwa,Maggie Sottero Wedding Dress -  <br> Warren,MSWARREN,1539.00 ,"",Yes,"",Yes
1888,masowedrbwa1,Maggie Sottero Wedding Dress -  <br> Waverly,MSWaverly,1679.00 ,"",Yes,"",Yes
1889,masowedrbwi,Maggie Sottero Wedding Dress -  <br> Winslow,MSWINSLOW,1659.00 ,"",Yes,"",Yes
1890,masowedrbyu,Maggie Sottero Wedding Dress -  <br> Yuri,MSYuri,2279.00 ,"",Yes,"",Yes
1891,masowedrbza,Maggie Sottero Wedding Dress -  <br> Zareen,newitem505683048,1549.00 ,"",Yes,"",Yes
1892,masowedrbza1,Maggie Sottero Wedding Dress -  <br> Zariah,MSZARIAH,1629.00 ,"",Yes,"",Yes
1893,masowedrbzal,Maggie Sottero Wedding Dress -  <br> Zareen Lynette,MSZAREENLYNETTE,1579.00 ,"",Yes,"",Yes
1894,masowedrbzu,Maggie Sottero Wedding Dress -  <br> Zuri,MSZURI,1929.00 ,"",Yes,"",Yes
1895,masowedrca2,Maggie Sottero Wedding Dress ,MS8MW775,1204.00 ,"",Yes,"",Yes
1896,masowedrca3,Maggie Sottero Wedding Dress -  <br>CASSANDRA,MSCASSANDRA,1825.00 ,"",Yes,"",Yes
1897,masowedrca5,Maggie Sottero Wedding Dress -  <br>CARMELLA,MS9MC107,1624.00 ,"",Yes,"",Yes
1898,masowedrce,Maggie Sottero Wedding Dress -  <br> CELESTE,MS9MS901,1834.00 ,"",Yes,"",Yes
1899,masowedrch1,Maggie Sottero Wedding Dress -  <br>CHEVELLE,MSCHEVELLE,1485.00 ,"",Yes,"",Yes
1900,masowedrch4,Maggie Sottero Wedding Dress ,MS8MS694,1824.00 ,"",Yes,"",Yes
1901,masowedrchly,Maggie Sottero Wedding Dress ,MS8MS694AC,1874.00 ,"",Yes,"",Yes
1902,masowedrchly1,Maggie Sottero Wedding Dress -  <br>CHEVELLE LYNETTE,MSCHEVELLELYNETTE,1508.00 ,"",Yes,"",Yes
1903,masowedrcl2,Maggie Sottero Wedding Dress -  <br>CLEMENTINE,MS9MW862,1734.00 ,"",Yes,"",Yes
1904,masowedrco2,Maggie Sottero Wedding Dress -  <br>COSETTE,MSCOSETTE,1435.00 ,"",Yes,"",Yes
1905,masowedrda,Maggie Sottero Wedding Dress -  <br>DAWSON ,MSDAWSON,1385.00 ,"",Yes,"",Yes
1906,masowedrde,Maggie Sottero Wedding Dress ,MS6MW834,1365.00 ,"",Yes,"",Yes
1907,masowedrde1,Maggie Sottero Wedding Dress ,MS8MC750,1734.00 ,"",Yes,"",Yes
1908,masowedrde2,Maggie Sottero Wedding Dress -  <br>DEMI,MSDEMI,1465.00 ,"",Yes,"",Yes
1909,masowedrel2,Maggie Sottero Wedding Dress -   <br>ELVIE,MS9MS900,1564.00 ,"",Yes,"",Yes
1910,masowedrel3,Maggie Sottero Wedding Dress -  <br>ELAINE,MSELAINE,1805.00 ,"",Yes,"",Yes
1911,masowedret,Maggie Sottero Wedding Dress ,MS5MN084,2075.00 ,"",Yes,"",Yes
1912,masowedrev,Maggie Sottero Wedding Dress ,MS7MC923,1225.00 ,"",Yes,"",Yes
1913,masowedreve,Maggie Sottero Wedding Dress -  <br>EVE,MSEVE,1410.00 ,"",Yes,"",Yes
1914,masowedrevem,Maggie Sottero Wedding Dress -  <br>EVE MARIE,MSEVEMARIE,1185.00 ,"",Yes,"",Yes
1915,masowedrfa3,Maggie Sottero Wedding Dress -  <br>FAITH,MSFAITH,1385.00 ,"",Yes,"",Yes
1916,masowedrfa4,Maggie Sottero Wedding Dress -  <br>FATIMA,MSFATIMA,1425.00 ,"",Yes,"",Yes
1917,masowedrfe,Maggie Sottero Wedding Dress -  <br>FERNANDA,MSFERNANDA,1325.00 ,"",Yes,"",Yes
1918,masowedrge2,Maggie Sottero Wedding Dress -   <br>GERALDINE,MS9MN121,1304.00 ,"",Yes,"",Yes
1919,masowedrgl,Maggie Sottero Wedding Dress - <br> GLORIETTA ,MS9MC882,1355.00 ,"",Yes,"",Yes
1920,masowedrglly,Maggie Sottero Wedding Dress -  <br>GLORIETTA LYNETTE,MS9MC882AC,1355.00 ,"",Yes,"",Yes
1921,masowedrgr,Maggie Sottero Wedding Dress -  <br>GREENLEY ,MSGREENLEY,1335.00 ,"",Yes,"",Yes
1922,masowedrhe1,Maggie Sottero Wedding Dress -  <br>HENRIETTA ,MSHENRIETTA,1605.00 ,"",Yes,"",Yes
1923,masowedrja,Maggie Sottero Wedding Dress -  <br>JANICE,MSJANICE,1785.00 ,"",Yes,"",Yes
1924,masowedrja5,Maggie Sottero Wedding Dress -  <br>JACQUELINE,MS9MC118,1514.00 ,"",Yes,"",Yes
1925,masowedrjo1,Maggie Sottero Wedding Dress -  <br>JORDANA,MSJORDANA,1585.00 ,"",Yes,"",Yes
1926,masowedrju,Maggie Sottero Wedding Dress - <br>JUANITA,MSJUANITA,1485.00 ,"",Yes,"",Yes
1927,masowedrju1,Maggie Sottero Wedding Dress -  <br>JUSTINE,MSJUSTINE,1285.00 ,"",Yes,"",Yes
1928,masowedrka,Maggie Sottero Wedding Dress -  <br>KATHLEEN ,MS9MS132,1434.00 ,"",Yes,"",Yes
1929,masowedrka1,Maggie Sottero Wedding Dress -  <br>KAYSEN ,MSKAYSEN,1585.00 ,"",Yes,"",Yes
1930,masowedrke,Maggie Sottero Wedding Dress -   <br>KELSEY,MS9MS119,1934.00 ,"",Yes,"",Yes
1931,masowedrke3,Maggie Sottero Wedding Dress ,MS8MC749,1834.00 ,"",Yes,"",Yes
1932,masowedrkely,Maggie Sottero Wedding Dress ,MS8MC749AC,1894.00 ,"",Yes,"",Yes
1933,masowedrla,Maggie Sottero Wedding Dress -  <br>LADELLE,MSLADELLE,1535.00 ,"",Yes,"",Yes
1934,masowedrli4,Maggie Sottero Wedding Dress -  <br>LIBERTY,MS9MT111,1484.00 ,"",Yes,"",Yes
1935,masowedrloly,Maggie Sottero Wedding Dress -  <br>LONNIE LYNETTE,MSLONNIELYNETTE,1665.00 ,"",Yes,"",Yes
1936,masowedrlu,Maggie Sottero Wedding Dress ,MS8MS799,1625.00 ,"",Yes,"",Yes
1937,masowedrma1,Maggie Sottero Wedding Dress -  <br>MAELEIGH,MS9MW855,1894.00 ,"",Yes,"",Yes
1938,masowedrma5,Maggie Sottero Wedding Dress -  <br>MADILYN,MSMADILYN,1585.00 ,"",Yes,"",Yes
1939,masowedrma7,Maggie Sottero Wedding Dress -  <br>MALLORY,MS9MS113,1624.00 ,"",Yes,"",Yes
1940,masowedrmada,Maggie Sottero Wedding Dress -  <br>MALLORY DAWN,MS9MS114,1884.00 ,"",Yes,"",Yes
1941,masowedrme1, Maggie Sottero Wedding Dress -  <br>MELODY,MS9MS837,1414.00 ,"",Yes,"",Yes
1942,masowedrme2,Maggie Sottero Wedding Dress -  <br>MELETTA,MSMELETTA,1635.00 ,"",Yes,"",Yes
1943,masowedrme4,Maggie Sottero Wedding Dress ,MS7MS339,"","",Yes,"",Yes
1944,masowedrmely,Maggie Sottero Wedding Dress ,MS7MS339MC,1435.00 ,"",Yes,"",Yes
1945,masowedrmy,Maggie Sottero Wedding Dress -  <br>MYLENE,MS9MS103,2134.00 ,"",Yes,"",Yes
1946,masowedrna,Maggie Sottero Wedding Dress -  <br>NANETTE,MSNANETTE,1465.00 ,"",Yes,"",Yes
1947,masowedrni,Maggie Sottero Wedding Dress -  <br>NINA,MSNINA,1785.00 ,"",Yes,"",Yes
1948,masowedrno2,Maggie Sottero Wedding Dress ,MS7MN356,1525.00 ,"",Yes,"",Yes
1949,masowedrodma,Maggie Sottero Wedding Dress ,8MC468,1405.00 ,"",Yes,"",Yes
1950,masowedrol1,Maggie Sottero Wedding Dress ,MS8MW678,1304.00 ,"",Yes,"",Yes
1951,masowedrpalo,Maggie Sottero Wedding Dress -  <br>PAISLEE LOUISE,MS9MC819MC,1715.00 ,"",Yes,"",Yes
1952,masowedrra,Maggie Sottero Wedding Dress -  <br>RACHEL,MSRACHEL,1634.00 ,"",Yes,"",Yes
1953,masowedrra1,Maggie Sottero Wedding Dress -  <br>RAVEN,MSRAVEN,1385.00 ,"",Yes,"",Yes
1954,masowedrrama,Maggie Sottero Wedding Dress - RAVEN MARIE,MSRAVENMARIE,1365.00 ,"",Yes,"",Yes
1955,masowedrrh,Maggie Sottero Wedding Dress -  <br>RHIANNON,MSRHIANNON,1334.00 ,"",Yes,"",Yes
1956,masowedrsa,Maggie Sottero Wedding Dress -  <br>SABRA ,MS9MC117,2364.00 ,"",Yes,"",Yes
1957,masowedrsa4,Maggie Sottero Wedding Dress -  <br>SASHA,MSSASHA,1435.00 ,"",Yes,"",Yes
1958,masowedrsa5,Maggie Sottero Wedding Dress -  <br>SAVANNAH,MSSAVANNAH,1725.00 ,"",Yes,"",Yes
1959,masowedrsh1,Maggie Sottero Wedding Dress -  <br>SHELISSA ,MS9MC025,1434.00 ,"",Yes,"",Yes
1960,masowedrshle,Maggie Sottero Wedding Dress -  <br>SHILOH LEIGH,MS9MS875,1884.00 ,"",Yes,"",Yes
1961,masowedrshly1,Maggie Sottero Wedding Dress - <br> SHELISSA LYNETTE,MS9MC025AC,1474.00 ,"",Yes,"",Yes
1962,masowedrsoly,Maggie Sottero Wedding Dress -   <br>SORRENTO LYNETTE,MS9MT013AC,1935.00 ,"",Yes,"",Yes
1963,masowedrst,Maggie Sottero Wedding Dress - <br> Stevie,Mstevie,1279.00 ,"",Yes,"",Yes
1964,masowedrsy,Maggie Sottero Wedding Dress ,MS5MS701,"","",Yes,"",Yes
1965,masowedrta1,Maggie Sottero Wedding Dress -  <br>TALIA,MSTALIA,1634.00 ,"",Yes,"",Yes
1966,masowedrta2,Maggie Sottero Wedding Dress -  <br>TAYLOR,MSTAYLOR,1634.00 ,"",Yes,"",Yes
1967,masowedrte2, Maggie Sottero Wedding Dress -  <br>TERRY,MS9MN860,1974.00 ,"",Yes,"",Yes
1968,masowedrti,Maggie Sottero Wedding Dress -  <br>TIANA,MSTIANA,1435.00 ,"",Yes,"",Yes
1969,masowedrtly,Maggie Sottero Wedding Dress -  <br>TAYLOR LYNETTE,MSTAYLORLYNETTE,1675.00 ,"",Yes,"",Yes
1970,masowedrtr,Maggie Sottero Wedding Dress -  <br>TRINITY,MS9MS902,1834.00 ,"",Yes,"",Yes
1971,masowedrtr1,Maggie Sottero Wedding Dress -  <br>TRISTYN,MS9MC914,2195.00 ,"",Yes,"",Yes
1972,masowedrtrly,Maggie Sottero Wedding Dress -  <br>TRINITY LYNETTE,MS9MS902AC,1834.00 ,"",Yes,"",Yes
1973,masowedrtu,Maggie Sottero Wedding Dress ,newitem444530408,1625.00 ,"",Yes,"",Yes
1974,masowedrtula,Maggie Sottero Wedding Dress -  <br>TUSCANY LANE,MSTUSCANYLANE,1635.00 ,"",Yes,"",Yes
1975,masowedrtule,Maggie Sottero Wedding Dress -  <br>TUSCANY LEIGH,MS9MS922,1625.00 ,"",Yes,"",Yes
1976,masowedrtuly,Maggie Sottero Wedding Dress ,MS8MS794MC,1625.00 ,"",Yes,"",Yes
1977,masowedrtuma,Maggie Sottero Wedding Dress -   <br>TUSCANY MARIE,MS8MS794AC,1625.00 ,"",Yes,"",Yes
1978,masowedrve3,Maggie Sottero Wedding Dress ,8MC527,1815.00 ,"",Yes,"",Yes
1979,masowedrwa,Maggie Sottero Wedding Dress -   <br>WALLIS,MS9MS030,1734.00 ,"",Yes,"",Yes
1980,masowedrwh,Maggie Sottero Wedding Dress -   <br>WHITNEY ,MS9MC040,1614.00 ,"",Yes,"",Yes
1981,masowedrya,Maggie Sottero Wedding Dress -  <br>YASMIN,MSYASMIN,1685.00 ,"",Yes,"",Yes
1982,masowedrz,Maggie Sottero Wedding Dress - <br>ZANDRINA,MSZANDRINA,1605.00 ,"",Yes,"",Yes
1983,masowedrzi,Maggie Sottero Wedding Dress -   <br>ZINAIDA,MS9MC024,1834.00 ,"",Yes,"",Yes
1992,nbilebrdrst32,Bill Levkoff Bridesmaid Dress Style 386,BL386,224.00 ,191.00 ,Yes,"",Yes
1993,nbilebrdrst715,Bill Levkoff Bridesmaid Dress Style 768,BL768,216.00 ,184.00 ,Yes,"",Yes
1994,nbilebrdrst744,Bill Levkoff Bridesmaid Dress Style 730,BL730,220.00 ,187.00 ,Yes,"",Yes
1995,nbilebrdrst746,Bill Levkoff Bridesmaid Dress Style 732,BL732,220.00 ,187.00 ,Yes,"",Yes
1996,nbilebrdrst754,Bill Levkoff Bridesmaid Dress Style 740,BL740,216.00 ,184.00 ,Yes,"",Yes
1997,nbilebrdrst763,Bill Levkoff Bridesmaid Dress Style 749,BL749,220.00 ,187.00 ,Yes,"",Yes
1998,ndebrdrstd24,Dessy Bridesmaid Dress Style 2894,D2894,273.00 ,232.00 ,Yes,"",Yes
2302,rebeccaingram,Rebecca Ingram Wedding Dress - <br> Pearl,RIPEARL,998.00 ,"",Yes,"",Yes
2303,rebeccaingram1,Rebecca Ingram Wedding Dress - <br> Rubena,RIRUBENA,1098.00 ,"",Yes,"",Yes
2304,rebeccaingram2,Rebecca Ingram Wedding Dress - <br> Sigrid,RISIGRID,1149.00 ,"",Yes,"",Yes
2308,reinwedral,Rebecca Ingram Wedding Dress -  <br>ALICE ,RIALICE,1125.00 ,"",Yes,"",Yes
2309,reinwedral1,Rebecca Ingram Wedding Dress ,RI7RS305,1186.00 ,"",Yes,"",Yes
2310,reinwedral2,Rebecca Ingram Wedding Dress - <br> ALMA,RIALMA,1125.00 ,"",Yes,"",Yes
2311,reinwedramy,Rebecca Ingram Wedding Dress -  <br>AMY,RIAMY,1086.00 ,"",Yes,"",Yes
2312,reinwedrar,Rebecca Ingram Wedding Dress - <br> ARDELLE,RRI9RS064,1046.00 ,"",Yes,"",Yes
2313,reinwedrarle,Rebecca Ingram Wedding Dress - <br> ARDELLE LEIGH,RI9RS064MC,1086.00 ,"",Yes,"",Yes
2314,reinwedrb,Rebecca Ingram Wedding Dress - <br>Leota,RILEOTA,1089.00 ,"",Yes,"",Yes
2315,reinwedrb1,Rebecca Ingram Wedding Dress - <br> Alda,RIALDA,1149.00 ,"",Yes,"",Yes
2316,reinwedrb2,Rebecca Ingram Wedding Dress - <br>SONOMA,RISONOMA,1149.00 ,"",Yes,"",Yes
2317,reinwedrb3,Rebecca Ingram Wedding Dress - <br>Tessa,RITESSA,1079.00 ,"",Yes,"",Yes
2319,reinwedrban,Rebecca Ingram Wedding Dress - <br> Angie,RIANGIE,1149.00 ,"",Yes,"",Yes
2321,reinwedrbau,Rebecca Ingram Wedding Dress - <br> Aubrey,RIAUBREY,989.00 ,"",Yes,"",Yes
2322,reinwedrbau1,Rebecca Ingram Wedding Dress - <br> Augusta,RIAUGUSTA,998.00 ,"",Yes,"",Yes
2323,reinwedrbbe,Rebecca Ingram Wedding Dress - <br> Belinda,RIBELINDA,1029.00 ,"",Yes,"",Yes
2324,reinwedrbbe1,Rebecca Ingram Wedding Dress - <br> Beverly,RIBEVERLY,1098.00 ,"",Yes,"",Yes
2325,reinwedrbbo,Rebecca Ingram Wedding Dress - <br> Bobbi,RIBOBBI,899.00 ,"",Yes,"",Yes
2326,reinwedrbbr,Rebecca Ingram Wedding Dress - <br> Breanne,RIBREANNE,1149.00 ,"",Yes,"",Yes
2328,reinwedrbca1,Rebecca Ingram Wedding Dress - <br> Carmen,RICARMEN,860.00 ,"",Yes,"",Yes
2329,reinwedrbcal,Rebecca Ingram Wedding Dress - <br> Carrie Leigh,RICARRIELEIGH,978.00 ,"",Yes,"",Yes
2330,reinwedrbcal1,Rebecca Ingram Wedding Dress - <br> Carmen Lynette,RICARMENLYNETTE,890.00 ,"",Yes,"",Yes
2331,reinwedrbco,Rebecca Ingram Wedding Dress - <br> Cody,RICODY,998.00 ,"",Yes,"",Yes
2332,reinwedrbco1,Rebecca Ingram Wedding Dress - <br> Coral,newitem519532342,1019.00 ,"",Yes,"",Yes
2333,reinwedrbcol,Rebecca Ingram Wedding Dress - <br> Courtney Leigh,RICOURTNEYLEIGH,1119.00 ,"",Yes,"",Yes
2334,reinwedrbda,Rebecca Ingram Wedding Dress - <br> Danica,RIDANICA,919.00 ,"",Yes,"",Yes
2335,reinwedrbda1,Rebecca Ingram Wedding Dress - <br> Darby,RIDARBY,849.00 ,"",Yes,"",Yes
2336,reinwedrbda2,Rebecca Ingram Wedding Dress - <br> Dallas,RIDALLAS,1029.00 ,"",Yes,"",Yes
2337,reinwedrbe,Rebecca Ingram Wedding Dress - <br> BETHANY,RI9RW909,996.00 ,"",Yes,"",Yes
2338,reinwedrbel,Rebecca Ingram Wedding Dress - <br> Elizabetta,RIELIZABETTA,1069.00 ,"",Yes,"",Yes
2339,reinwedrbel1,Rebecca Ingram Wedding Dress - <br> Ellen,RIELLEN,1029.00 ,"",Yes,"",Yes
2342,reinwedrbes,Rebecca Ingram Wedding Dress - <br> Esmeralda,RIESMERALDA,1098.00 ,"",Yes,"",Yes
2343,reinwedrbfa,Rebecca Ingram Wedding Dress - <br> Fantasia,RIFANTASIA,1079.00 ,"",Yes,"",Yes
2344,reinwedrbfa1,Rebecca Ingram Wedding Dress - <br> Faustine,RIFAUSTINE,1098.00 ,"",Yes,"",Yes
2345,reinwedrbfl,Rebecca Ingram Wedding Dress - <br> Florina,RIFLORINA,1119.00 ,"",Yes,"",Yes
2346,reinwedrbfl1,Rebecca Ingram Wedding Dress - <br> Flora,RIFLORA,1029.00 ,"",Yes,"",Yes
2347,reinwedrbfo,Rebecca Ingram Wedding Dress - <br> Forrest,RIFORREST,1159.00 ,"",Yes,"",Yes
2348,reinwedrbfol,Rebecca Ingram Wedding Dress - <br> Forrest Lynette,RIFORRESTLYNETTE,1179.00 ,"",Yes,"",Yes
2349,reinwedrbge,Rebecca Ingram Wedding Dress - <br> Georgia,RIGEORGIA,1079.00 ,"",Yes,"",Yes
2350,reinwedrbha,Rebecca Ingram Wedding Dress - <br> Hattie,RIHATTIE,1119.00 ,"",Yes,"",Yes
2351,reinwedrbho,Rebecca Ingram Wedding Dress - <br> Holly,RIHOLLY,998.00 ,"",Yes,"",Yes
2352,reinwedrbhol,Rebecca Ingram Wedding Dress - <br>  Hope Leigh,RIHOPELEIGH,1149.00 ,"",Yes,"",Yes
2353,reinwedrbi,Rebecca Ingram Wedding Dress - <br> Billie,RI8RC710,1096.00 ,"",Yes,"",Yes
2354,reinwedrbir,Rebecca Ingram Wedding Dress - <br> Iris,RIIRIS,1098.00 ,"",Yes,"",Yes
2355,reinwedrbir1,Rebecca Ingram Wedding Dress - <br> Irene,RIIRENE,1049.00 ,"",Yes,"",Yes
2357,reinwedrbis,Rebecca Ingram Wedding Dress - <br> Isabella,RIISABELLA,1129.00 ,"",Yes,"",Yes
2358,reinwedrbja,Rebecca Ingram Wedding Dress - <br> Janessa,RIJANESSA,1149.00 ,"",Yes,"",Yes
2359,reinwedrbji,Rebecca Ingram Wedding Dress - <br> Jill,RIJILL,1129.00 ,"",Yes,"",Yes
2360,reinwedrbjo,Rebecca Ingram Wedding Dress - <br> Joanne,RIJOANNE,998.00 ,"",Yes,"",Yes
2361,reinwedrbjo1,Rebecca Ingram Wedding Dress - <br> Jody,RIJODY,1098.00 ,"",Yes,"",Yes
2362,reinwedrbjo2,Rebecca Ingram Wedding Dress - <br> Jolie,RIJOLIE,998.00 ,"",Yes,"",Yes
2363,reinwedrbju,Rebecca Ingram Wedding Dress - <br> Judy,RIJUDY,1098.00 ,"",Yes,"",Yes
2364,reinwedrbka,Rebecca Ingram Wedding Dress - <br> Katiya,RIKATIYA,1169.00 ,"",Yes,"",Yes
2365,reinwedrbke,Rebecca Ingram Wedding Dress - <br> Keating,RIKEATING,1149.00 ,"",Yes,"",Yes
2366,reinwedrble,Rebecca Ingram Wedding Dress - <br> Lexie,RILEXIE,1129.00 ,"",Yes,"",Yes
2367,reinwedrblo,Rebecca Ingram Wedding Dress - <br> Lorraine,RILORRAINE,989.00 ,"",Yes,"",Yes
2368,reinwedrbly,Rebecca Ingram Wedding Dress - <br>Hattie Lynette,RIHattieLynette,1105.00 ,"",Yes,"",Yes
2369,reinwedrbma,Rebecca Ingram Wedding Dress - <br> Mavis,RIMAVIS,1049.00 ,"",Yes,"",Yes
2370,reinwedrbme1,Rebecca Ingram Wedding Dress - <br> Melissa,RIMELISSA,1049.00 ,"",Yes,"",Yes
2371,reinwedrbmi,Rebecca Ingram Wedding Dress - <br> Mila,RIMILA,1029.00 ,"",Yes,"",Yes
2372,reinwedrbmi1,Rebecca Ingram Wedding Dress - <br> Minerva,RIMINERVA,1089.00 ,"",Yes,"",Yes
2377,reinwedrbpr,Rebecca Ingram Wedding Dress - <br> Priscilla,RIPRISCILLA,1119.00 ,"",Yes,"",Yes
2379,reinwedrbr,Rebecca Ingram Wedding Dress ,RI7RS303,1126.00 ,"",Yes,"",Yes
2380,reinwedrbr1,Rebecca Ingram Wedding Dress -  <br>BRANDY,RIBRANDY,1116.00 ,"",Yes,"",Yes
2381,reinwedrbre,Rebecca Ingram Wedding Dress - <br> Remy,RIREMY,889.00 ,"",Yes,"",Yes
2382,reinwedrbro,Rebecca Ingram Wedding Dress - <br> Rosemary,RIROSEMARY,1098.00 ,"",Yes,"",Yes
2383,reinwedrbyv,Rebecca Ingram Wedding Dress - <br> Yvette,IYVETTE,1149.00 ,"",Yes,"",Yes
2384,reinwedrca,Rebecca Ingram Wedding Dress ,RI7RS297,816.00 ,"",Yes,"",Yes
2385,reinwedrci,Rebecca Ingram Wedding Dress - <br> CINDY,RICINDY,856.00 ,"",Yes,"",Yes
2386,reinwedrco,Rebecca Ingram Wedding Dress - <br> Connie,RI8RW702,976.00 ,"",Yes,"",Yes
2387,reinwedrco2,Rebecca Ingram Wedding Dress - <br> COURTNEY,RI9RC052,1046.00 ,"",Yes,"",Yes
2388,reinwedrco3,Rebecca Ingram Wedding Dress -  <br>CORRINE,RICORRINE,1056.00 ,"",Yes,"",Yes
2389,reinwedrcole,Rebecca Ingram Wedding Dress -  <br>CONNIE LEIGH,RI9RW001,996.00 ,"",Yes,"",Yes
2390,reinwedrda,Rebecca Ingram Wedding Dress - <br> DANIELLA,RI9RS873,1206.00 ,"",Yes,"",Yes
2391,reinwedrda1,Rebecca Ingram Wedding Dress -  <br>DAPHNE,RIDAPHNE,1096.00 ,"",Yes,"",Yes
2392,reinwedrdaly,Rebecca Ingram Wedding Dress -  <br> DAPHNE LYNETTE,RIDAPHNELYNETTE,1096.00 ,"",Yes,"",Yes
2393,reinwedrde,Rebecca Ingram Wedding Dress ,RI8RS557,1146.00 ,"",Yes,"",Yes
2394,reinwedrde5,Rebecca Ingram Wedding Dress - <br> DESTINY,RI9RW886,1106.00 ,"",Yes,"",Yes
2395,reinwedrel,Rebecca Ingram Wedding Dress - <br> ELSIE,RIELSIE,1116.00 ,"",Yes,"",Yes
2396,reinwedrer,Rebecca Ingram Wedding Dress - <br>Erica,RI8RN684,896.00 ,"",Yes,"",Yes
2397,reinwedrfi,Rebecca Ingram Wedding Dress  <br>- FINOLA,RI9RT825,1206.00 ,"",Yes,"",Yes
2398,reinwedrga1,Rebecca Ingram Wedding Dress - <br> GABRIELLA,RIGABRIELLA,971.00 ,"",Yes,"",Yes
2399,reinwedrgr,Rebecca Ingram Wedding Dress - <br> GRETA,RIGRETA,1025.00 ,"",Yes,"",Yes
2400,reinwedrho,Rebecca Ingram Wedding Dress ,RI7RS301,"","",Yes,"",Yes
2401,reinwedrho1,Rebecca Ingram Wedding Dress - <br>  HONOR,RI9RC019,1226.00 ,"",Yes,"",Yes
2402,reinwedrhoma,Rebecca Ingram Wedding Dress - <br> HONOR MARIE,RI9RC018,1226.00 ,"",Yes,"",Yes
2403,reinwedrje1,Rebecca Ingram Wedding Dress - <br> JENNIFER,RI9RT810,1176.00 ,"",Yes,"",Yes
2404,reinwedrjo1,Rebecca Ingram Wedding Dress -  <br> JOSIE,RI9RT846,1006.00 ,"",Yes,"",Yes
2405,reinwedrju2,Rebecca Ingram Wedding Dress ,RI8RN454,986.00 ,"",Yes,"",Yes
2406,reinwedrka,Rebecca Ingram Wedding Dress ,RI7RS982,1206.00 ,"",Yes,"",Yes
2407,reinwedrla1,Rebecca Ingram Wedding Dress ,RI8RS464,1166.00 ,"",Yes,"",Yes
2408,reinwedrla4,Rebecca Ingram Wedding Dress - <br> LAURETTE ,RI9RS892,1156.00 ,"",Yes,"",Yes
2409,reinwedrlaly,Rebecca Ingram Wedding Dress - <br>  LAURETTE LYNETTE ,RI9RS892AC,1176.00 ,"",Yes,"",Yes
2410,reinwedrma,Rebecca Ingram Wedding Dress - <br>  MACEY,RI9RC003,1076.00 ,"",Yes,"",Yes
2411,reinwedrma4,Rebecca Ingram Wedding Dress - <br> MARISOL,RIMARISOL,1125.00 ,"",Yes,"",Yes
2412,reinwedrmc,Rebecca Ingram Wedding Dress - <br> MCKENNA,RI9RS893,1076.00 ,"",Yes,"",Yes
2413,reinwedrme,Rebecca Ingram Wedding Dress ,RI8RT467,925.00 ,"",Yes,"",Yes
2414,reinwedrme1,Rebecca Ingram Wedding Dress - <br> MEADOW,RIMEADOW,955.00 ,"",Yes,"",Yes
2415,reinwedrmele,Rebecca Ingram Wedding Dress -  <br> MERCY LEIGH ,RIMERCYLEIGH,945.00 ,"",Yes,"",Yes
2416,reinwedrmi2,Rebecca Ingram Wedding Dress -  <br> MILDRED ,RI9RN845,1006.00 ,"",Yes,"",Yes
2417,reinwedrmi3,Rebecca Ingram Wedding Dress -  <br>MIRIAM,RI9RS818,1156.00 ,"",Yes,"",Yes
2418,reinwedrmiro,Rebecca Ingram Wedding Dress - <br> MIRIAM ROSE ,RI9RS818UB,1156.00 ,"",Yes,"",Yes
2419,reinwedrmo,Rebecca Ingram Wedding Dress - <br>MOLLY,RI9RN805,1156.00 ,"",Yes,"",Yes
2420,reinwedrni,Rebecca Ingram Wedding Dress - <br> NICOLE,RINICOLE,1076.00 ,"",Yes,"",Yes
2421,reinwedrnia,Rebecca Ingram Wedding Dress - <br>ADELAIDE,RIADELAIDE,1106.00 ,"",Yes,"",Yes
2422,reinwedrnia1,Rebecca Ingram Wedding Dress - <br> NIA,RINIA,926.00 ,"",Yes,"",Yes
2423,reinwedrol,Rebecca Ingram Wedding Dress ,RI7RS290,956.00 ,"",Yes,"",Yes
2424,reinwedrpe,Rebecca Ingram Wedding Dress -  <br>PEGGY,RIPEGGY,1056.00 ,"",Yes,"",Yes
2425,reinwedrpo,Rebecca Ingram Wedding Dress -  <br> POPPY,RIPOPPY,1116.00 ,"",Yes,"",Yes
2426,reinwedrra,Rebecca Ingram Wedding Dress  <br> RAELYNN ,RI9RT827,1156.00 ,"",Yes,"",Yes
2427,reinwedrraly,Rebecca Ingram Wedding Dress  <br> RAELYNN LYNETTE,RI9RT827AC,1176.00 ,"",Yes,"",Yes
2428,reinwedrre,Rebecca Ingram Wedding Dress - <br> REGGIE ,RIREGGIE,1076.00 ,"",Yes,"",Yes
2429,reinwedrsu,Rebecca Ingram Wedding Dress - <br> SUMMER,RI9RN859,1156.00 ,"",Yes,"",Yes
2430,reinwedrsy,Rebecca Ingram Wedding Dress - <br>  SYLVIA,RI9RC813,1076.00 ,"",Yes,"",Yes
2431,reinwedrt,Rebecca Ingram Wedding Dress - <br>TONI,RITONI,926.00 ,"",Yes,"",Yes
2432,reinwedrti,Rebecca Ingram Wedding Dress - <br> Tina,RI8RW706,1076.00 ,"",Yes,"",Yes
2433,reinwedrtida,RebeccRebecca Ingram Wedding Dress - <br>TINA DAWN,RITINADAWN,1125.00 ,"",Yes,"",Yes
2434,reinwedrtile,Rebecca Ingram Wedding Dress - <br> TINA LEIGH,RITINALEIGH,1106.00 ,"",Yes,"",Yes
2435,reinwedrva,Rebecca Ingram Wedding Dress - <br> VANESSA,RI9RS806LU,1106.00 ,"",Yes,"",Yes
2436,reinwedrvaly,Rebecca Ingram Wedding Dress -  <br>VALERIE LYNETTE,RIVALERIELYNETTE,1125.00 ,"",Yes,"",Yes
2437,reinwedrvi,Rebecca Ingram Wedding Dress -  <br>VIRGINIA,RIVIRGINIA,1125.00 ,"",Yes,"",Yes
2438,reinwedrvian,Rebecca Ingram Wedding Dress ,RI7RS912,1015.00 ,"",Yes,"",Yes
2439,reinwedrwa,Rebecca Ingram Wedding Dress -  <br>WANDA,RIWANDA,1096.00 ,"",Yes,"",Yes
2441,rofaflgidr,Rosebud Fashions Flower Girl Dresses,NULL,"","",No,"",Yes
2467,sobrdr,Dessy Group: Social Bridesmaid Dresses,NULL,"","",No,"",Yes
2468,sobrdrst81,Social Bridesmaid Dress Style 8196,SB8196,244.00 ,207.00 ,Yes,"",Yes
2469,sobrdrst811,Social Bridesmaid Dress Style 8190,SB8190,214.00 ,182.00 ,Yes,"",Yes
2470,sobrdrst8113,Social Bridesmaid Dress Style 8185,SO8185,223.00 ,190.00 ,Yes,"",Yes
2471,sobrdrst8114,Social Bridesmaids Dress Style 8159,SB8159,208.00 ,177.00 ,Yes,"",Yes
2472,sobrdrst8116,Social Bridesmaids Dress Style 8157 ,SB8157,199.00 ,169.00 ,Yes,"",Yes
2473,sobrdrst8117,Social Bridesmaid Dress Style 8156,SB8156,178.00 ,151.00 ,Yes,"",Yes
2474,sobrdrst812,Social Bridesmaid Dress Style 8196,SB8197,250.00 ,213.00 ,Yes,"",Yes
2475,sobrdrst813,Social Bridesmaid Dress Style 8198,SB8198,252.00 ,214.00 ,Yes,"",Yes
2476,sobrdrst814,Social Bridesmaid Dress Style 8199,SB8199,257.00 ,218.00 ,Yes,"",Yes
2477,sobrdrst815,Social Bridesmaid Dress Style 8181,SB8181,221.00 ,188.00 ,Yes,"",Yes
2478,sobrdrst816,Social Bridesmaid Dress Style 8187,SB8187,205.00 ,174.00 ,Yes,"",Yes
2479,sobrdrst817,Social Bridesmaid Dress Style 8186,SO8186,208.00 ,177.00 ,Yes,"",Yes
2480,sobrdrst82,Social Bridesmaid Dress Style 8200,SB8200,244.00 ,207.00 ,Yes,"",Yes
2481,sobrst814,Social Bridesmaids Dress Style 8151,SD8151,197.00 ,167.00 ,Yes,"",Yes
2485,somiwedr3,Sottero & Midgley Wedding Dress -  <br>GLENN,SM8SN791,2794.00 ,"",Yes,"",Yes
2486,somiwedrad,Sottero & Midgley Wedding Dress -  <br>ADMINA ,SMADMINA,1565.00 ,"",Yes,"",Yes
2487,somiwedral,Sottero & Midgley Wedding Dress - ALLEN,SM7SS611MC,2534.00 ,"",Yes,"",Yes
2488,somiwedral1,Sottero & Midgley Wedding Dress ,SM7SS611,2534.00 ,"",Yes,"",Yes
2489,somiwedrally,Sottero & Midgley Wedding Dress -  <br>ALLEN LYNETTE,MS7SS611AC,2695.00 ,"",Yes,"",Yes
2490,somiwedrar,Sottero & Midgley Wedding Dress ,SM7SW995,1534.00 ,"",Yes,"",Yes
2491,somiwedrar2,Sottero & Midgley Wedding Dress -  <br>ARMANTE ,SMARMANTE,1945.00 ,"",Yes,"",Yes
2492,somiwedrarb,Sottero & Midgley Wedding Dress <br> - Arta,SMArta,1698.00 ,"",Yes,"",Yes
2493,somiwedras,Sottero & Midgley Wedding Dress -  <br>ASTON,MS9SC815,1665.00 ,"",Yes,"",Yes
2494,somiwedraub,Sottero & Midgley Wedding Dress - Austin <br>,SMAustin,1556.00 ,"",Yes,"",Yes
2495,somiwedraule,Sottero & Midgley Wedding Dress - Austin Leigh<br>,SMAustinLeigh,1556.00 ,"",Yes,"",Yes
2496,somiwedrb,Sottero & Midgley Wedding Dress -  <br>DAKOTA,SMDAKOTA,2384.00 ,"",Yes,"",Yes
2497,somiwedrb1,Sottero & Midgley Wedding Dress -  <br>Canterbury,SMCANTERBURY,2598.00 ,"",Yes,"",Yes
2498,somiwedrb2,Sottero & Midgley Wedding Dress -  <br>Cruz,SMCRUZ,2649.00 ,"",Yes,"",Yes
2499,somiwedrb3,Sottero & Midgley Wedding Dress -  <br>Dominic,SMDOMINIC,2229.00 ,"",Yes,"",Yes
2500,somiwedrb4,Sottero & Midgley Wedding Dress -  <br>Edmund,newitem504477612,2539.00 ,"",Yes,"",Yes
2501,somiwedrba,Sottero & Midgley Wedding Dress - Barrett<br>,SMBarrett,2398.00 ,"",Yes,"",Yes
2502,somiwedrbab,Sottero & Midgley Wedding Dress -  <br> Abbott,SMABBOTT,1998.00 ,"",Yes,"",Yes
2503,somiwedrbabd,Sottero & Midgley Wedding Dress -  <br> Abbott Dawn,SMABBOTTDAWN,1898.00 ,"",Yes,"",Yes
2504,somiwedrbal,Sottero & Midgley Wedding Dress -  <br> Alec,SMAlec,2349.00 ,"",Yes,"",Yes
2505,somiwedrban,Sottero & Midgley Wedding Dress -  <br> Anthony,SMANTHONY,1498.00 ,"",Yes,"",Yes
2506,somiwedrban1,Sottero & Midgley Wedding Dress -  <br> Andrew,SMANDREW,3599.00 ,"",Yes,"",Yes
2507,somiwedrbbe,Sottero & Midgley Wedding Dress -  <br> Bellamy,SMBELLAMY,1849.00 ,"",Yes,"",Yes
2508,somiwedrbbe1,Sottero & Midgley Wedding Dress -  <br> Benson,SMBENSON,1698.00 ,"",Yes,"",Yes
2509,somiwedrbbo,Sottero & Midgley Wedding Dress -  <br> Boden,SMBODEN,1628.00 ,"",Yes,"",Yes
2510,somiwedrbbr,Sottero & Midgley Wedding Dress -  <br> Bracken,SMBRACKEN,2029.00 ,"",Yes,"",Yes
2511,somiwedrbbr1,Sottero & Midgley Wedding Dress -  <br> Brock,SMBROCK,1889.00 ,"",Yes,"",Yes
2512,somiwedrbbr2,Sottero & Midgley Wedding Dress -  <br> Bryan,SMBRYAN,1998.00 ,"",Yes,"",Yes
2513,somiwedrbbrl,Sottero & Midgley Wedding Dress -  <br> Bracken Lynette,SMBRACKENLYNETTE,2059.00 ,"",Yes,"",Yes
2514,somiwedrbco,Sottero & Midgley Wedding Dress -  <br> Conrad,SMCONRAD,1978.00 ,"",Yes,"",Yes
2516,somiwedrbda1,Sottero & Midgley Wedding Dress -  <br>Cambridge Dawn,SMCAMBRIDGEDAWN,1948.00 ,"",Yes,"",Yes
2517,somiwedrbda2,Sottero & Midgley Wedding Dress -  <br> Davis,SMDAVIS,1998.00 ,"",Yes,"",Yes
2519,somiwedrbde1,Sottero & Midgley Wedding Dress -  <br> Dean,SMDEAN,2298.00 ,"",Yes,"",Yes
2520,somiwedrbel,Sottero & Midgley Wedding Dress -  <br> Elias,SMELIAS,2119.00 ,"",Yes,"",Yes
2522,somiwedrbfa,Sottero & Midgley Wedding Dress -  <br> Fairfax,SMFAIRFAX,2399.00 ,"",Yes,"",Yes
2523,somiwedrbfi,Sottero & Midgley Wedding Dress -  <br> Finley,SMFINLEY,1789.00 ,"",Yes,"",Yes
2524,somiwedrbfid,Sottero & Midgley Wedding Dress -  <br> Finley Dawn,SMFINLEYDAWN,1698.00 ,"",Yes,"",Yes
2525,somiwedrbgr,Sottero & Midgley Wedding Dress -  <br> Grant,SMGRANT,2948.00 ,"",Yes,"",Yes
2526,somiwedrbha,Sottero & Midgley Wedding Dress -  <br> Hamilton,SMHAMILTON,2098.00 ,"",Yes,"",Yes
2527,somiwedrbhal,Sottero & Midgley Wedding Dress -  <br> Hamilton Lynette,SMHAMILTONLYNETTE,2149.00 ,"",Yes,"",Yes
2528,somiwedrbho,Sottero & Midgley Wedding Dress -  <br> Houston,SMHOUSTON,1698.00 ,"",Yes,"",Yes
2529,somiwedrbja,Sottero & Midgley Wedding Dress -  <br> Jada,SMJADA,1709.00 ,"",Yes,"",Yes
2530,somiwedrbjo,Sottero & Midgley Wedding Dress -  <br> Joss,SMJOSS,1898.00 ,"",Yes,"",Yes
2531,somiwedrbkel,Sottero & Midgley Wedding Dress -  <br> KEVYN LEIGH,SMKEVYNLEIGH,1598.00 ,"",Yes,"",Yes
2532,somiwedrbla,Sottero & Midgley Wedding Dress -  <br> Lancaster,SMLANCASTER,2229.00 ,"",Yes,"",Yes
2533,somiwedrbli,Sottero & Midgley Wedding Dress -  <br> Livingston,SMLIVINGSTON,2089.00 ,"",Yes,"",Yes
2534,somiwedrbma,Sottero & Midgley Wedding Dress -  <br> Marlow,SMMARLOW,2498.00 ,"",Yes,"",Yes
2536,somiwedrbnal,Sottero & Midgley Wedding Dress -  <br> Narissa Leigh,SMNARISSALEIGH,1829.00 ,"",Yes,"",Yes
2537,somiwedrbpa,Sottero & Midgley Wedding Dress -  <br> Parker,SMPARKER,2149.00 ,"",Yes,"",Yes
2539,somiwedrbpi,Sottero & Midgley Wedding Dress -  <br> Pierce,SMPIERCE,1998.00 ,"",Yes,"",Yes
2540,somiwedrbpr,Sottero & Midgley Wedding Dress -  <br> Presley,SMPRESLEY,2698.00 ,"",Yes,"",Yes
2541,somiwedrbr5,Sottero & Midgley Wedding Dress -  <br>BRYCE,SMBRYCE,2244.00 ,"",Yes,"",Yes
2542,somiwedrbrb,Sottero & Midgley Wedding Dress - Brielle <br>,SMBrielle,2379.00 ,"",Yes,"",Yes
2543,somiwedrbre,Sottero & Midgley Wedding Dress -  <br> Reeve,SMREEVE,2638.00 ,"",Yes,"",Yes
2544,somiwedrbro,Sottero & Midgley Wedding Dress -  <br> Rooney,SMROONEY,2089.00 ,"",Yes,"",Yes
2545,somiwedrbrro,Sottero & Midgley Wedding Dress ,SM8SS777MC,2044.00 ,"",Yes,"",Yes
2546,somiwedrbsa,Sottero & Midgley Wedding Dress -  <br> Santiago,SMSANTIAGO,2489.00 ,"",Yes,"",Yes
2547,somiwedrbta,Sottero & Midgley Wedding Dress -  <br> Taft,SMTAFT,1798.00 ,"",Yes,"",Yes
2548,somiwedrbth,Sottero & Midgley Wedding Dress -  <br> Thatcher,SMTHATCHER,1998.00 ,"",Yes,"",Yes
2549,somiwedrbth1,Sottero & Midgley Wedding Dress -  <br> Thomas,SMTHOMAS,2298.00 ,"",Yes,"",Yes
2550,somiwedrbtr,Sottero & Midgley Wedding Dress -  <br> Troy,SMTROY,2898.00 ,"",Yes,"",Yes
2551,somiwedrbu,Sottero & Midgley Wedding Dress -  <br>BURTON ,SMBURTON,1844.00 ,"",Yes,"",Yes
2552,somiwedrbuda,Sottero & Midgley Wedding Dress -  <br>BURTON DAWN,SMBURTONDAWN,1844.00 ,"",Yes,"",Yes
2554,somiwedrbxa,Sottero & Midgley Wedding Dress -  <br> Xavier,SMXAVIER,2098.00 ,"",Yes,"",Yes
2555,somiwedrca,Sottero & Midgley Wedding Dress -  <br>CAMBRIDGE ,SMCAMBRIDGE,1835.00 ,"",Yes,"",Yes
2556,somiwedrcab,Sottero & Midgley Wedding Dress - Cambrie <br>,SMCambrie,1998.00 ,"",Yes,"",Yes
2557,somiwedrch,Sottero & Midgley Wedding Dress -  <br>CHAUNCEY,SM9SC035,2045.00 ,"",Yes,"",Yes
2558,somiwedrch2,Sottero & Midgley Wedding Dress ,SM8SC741,3194.00 ,"",Yes,"",Yes
2559,somiwedrch3,Sottero & Midgley Wedding Dress -  <br>CHRISTINA,SM9SS918,2335.00 ,"",Yes,"",Yes
2560,somiwedrchle,Sottero & Midgley Wedding Dress -  <br>CHAUNCEY LEIGH,SM9SC035MC,2085.00 ,"",Yes,"",Yes
2561,somiwedrco1,Sottero & Midgley Wedding Dress -  <br>COLLIN ,SMCOLLIN,1844.00 ,"",Yes,"",Yes
2562,somiwedrco2,Sottero & Midgley Wedding Dress -  <br>CORY ,SMCORY,1895.00 ,"",Yes,"",Yes
2563,somiwedrda3,Sottero & Midgley Wedding Dress -  <br>DAXTON ,SMDAXTON,2044.00 ,"",Yes,"",Yes
2564,somiwedrdab,Sottero & Midgley Wedding Dress - Dasha <br>,SMDasha,"",2399.00 ,Yes,"",Yes
2565,somiwedrde2,Sottero & Midgley Wedding Dress -  <br>DELILAH ,SMDELILAH,1735.00 ,"",Yes,"",Yes
2566,somiwedrdub,Sottero & Midgley Wedding Dress - Dublin <br>,SMDublin,2198.00 ,"",Yes,"",Yes
2567,somiwedrduly,Sottero & Midgley Wedding Dress - Dublin Lynette <br>,SMDublinLynette,2198.00 ,"",Yes,"",Yes
2568,somiwedrea,Sottero & Midgley Wedding Dress -  <br>EASTON ,SMEASTON,2024.00 ,"",Yes,"",Yes
2569,somiwedrem,Sottero & Midgley Wedding Dress -  <br>EMMANUELLE ,SMEMMANUELLE,1935.00 ,"",Yes,"",Yes
2570,somiwedremly,Sottero & Midgley Wedding Dress -  <br>EMMANUELLE LYNETTE,SMEMMANUELLELYNETTE,1975.00 ,"",Yes,"",Yes
2571,somiwedrgr1,Sottero & Midgley Wedding Dress -  <br> GRADY,8SS520,2145.00 ,"",Yes,"",Yes
2572,somiwedrgrb,Sottero & Midgley Wedding Dress - Grayson <br>,SMGrayson,2169.00 ,"",Yes,"",Yes
2573,somiwedrin,Sottero & Midgley Wedding Dress -  <br>INGA,SMINGA,2044.00 ,"",Yes,"",Yes
2574,somiwedrja,Sottero & Midgley Wedding Dress -  <br>JAMESON ,SMJAMESON,2044.00 ,"",Yes,"",Yes
2575,somiwedrja2,Sottero & Midgley Wedding Dress - <br>JASPER ,SMSC081,1735.00 ,"",Yes,"",Yes
2576,somiwedrka,Sottero & Midgley Wedding Dress -   <br>KANE,SM9SW851,2014.00 ,"",Yes,"",Yes
2577,somiwedrke,Sottero & Midgley Wedding Dress -   <br>KEVYN,MS9SC803,2165.00 ,"",Yes,"",Yes
2578,somiwedrke1,Sottero & Midgley Wedding Dress -  <br>KEATON,SMKEATON,2325.00 ,"",Yes,"",Yes
2579,somiwedrke2,Sottero & Midgley Wedding Dress - KENNEDY,SMKENNEDY,2044.00 ,"",Yes,"",Yes
2580,somiwedrkeb,Sottero & Midgley Wedding Dress - Kenleigh <br>,SMKenleigh,1698.00 ,"",Yes,"",Yes
2581,somiwedrki1,Sottero & Midgley Wedding Dress -   <br>KIMORA,SM9SS061,3015.00 ,"",Yes,"",Yes
2582,somiwedrkib,Sottero & Midgley Wedding Dress - Kitara <br>,SMKitara,1549.00 ,"",Yes,"",Yes
2583,somiwedrko,Sottero & Midgley Wedding Dress -   <br>KODA,Sm9SN809,2265.00 ,"",Yes,"",Yes
2584,somiwedrlab,Sottero & Midgley Wedding Dress - Laramie <br>,SMLaramie,1698.00 ,"",Yes,"",Yes
2585,somiwedrma2,Sottero & Midgley Wedding Dress - MARQUETTE,SMMARQUETTE,1844.00 ,"",Yes,"",Yes
2586,somiwedrmely,Sottero & Midgley Wedding Dress ,SM7SC363,1685.00 ,"",Yes,"",Yes
2587,somiwedrna,Sottero & Midgley Wedding Dress ,SM7SW968,2035.00 ,"",Yes,"",Yes
2588,somiwedrol2,Sottero & Midgley Wedding Dress ,SM8SW776,1634.00 ,"",Yes,"",Yes
2589,somiwedrpeb,Sottero & Midgley Wedding Dress - Petra <br>,SMPetra,1998.00 ,"",Yes,"",Yes
2590,somiwedrpoma,Sottero & Midgley Wedding Dress -  <br>PORTER MARIE,SM9SS868,2684.00 ,"",Yes,"",Yes
2591,somiwedrprb,Sottero & Midgley Wedding Dress - Priyanka <br>,SMPriyanka,2189.00 ,"",Yes,"",Yes
2592,somiwedrr,Sottero & Midgley Wedding Dress - ROXANNE,SMROXANNE,2295.00 ,"",Yes,"",Yes
2593,somiwedrra,Sottero & Midgley Wedding Dress - RANDOLPH,SMRANDOLPH,1844.00 ,"",Yes,"",Yes
2594,somiwedrs,Sottero & Midgley Wedding Dress - <br> SETH,SMSETH,2044.00 ,"",Yes,"",Yes
2595,somiwedrsab,Sottero & Midgley Wedding Dress - Sawyer <br>,SMSawyer,2298.00 ,"",Yes,"",Yes
2596,somiwedrso,Sottero & Midgley Wedding Dress -  <br>SOLANA,SMSOLANA,2244.00 ,"",Yes,"",Yes
2597,somiwedrsuro,Sottero & Midgley Wedding Dress ,SM7SS424MC,1685.00 ,"",Yes,"",Yes
2598,somiwedrta,Sottero & Midgley Wedding Dress -  <br>TATE,SMTATE,2244.00 ,"",Yes,"",Yes
2599,somiwedrth,Sottero & Midgley Wedding Dress -  <br>THADDEUS,SMTHADDEUS,1895.00 ,"",Yes,"",Yes
2600,somiwedrtla,Sottero & Midgley Wedding Dress -  <br>TOVAH LANE,SMTOVAHLANE,1835.00 ,"",Yes,"",Yes
2601,somiwedrto,Sottero & Midgley Wedding Dress -  <br>TOVAH ,SM9SS895,2144.00 ,"",Yes,"",Yes
2602,somiwedrv,Sottero & Midgley Wedding Dress - VAUGHN,SMVAUGHN,1844.00 ,"",Yes,"",Yes
2603,somiwedrv1,Sottero & Midgley Wedding Dress -  <br>VINCENT,SMVINCENT,2295.00 ,"",Yes,"",Yes
2604,somiwedrvab,Sottero & Midgley Wedding Dress - Valona <br>,SMValona,1949.00 ,"",Yes,"",Yes
2605,somiwedrveb,Sottero & Midgley Wedding Dress - Verina <br>,SMVerina,1879.00 ,"",Yes,"",Yes
2606,somiwedrwe,Sottero & Midgley Wedding Dress -  <br>WESLEY,SM9SS854,2544.00 ,"",Yes,"",Yes
2607,somiwedrwi,Sottero & Midgley Wedding Dress ,SMWinifred,1575.00 ,"",Yes,"",Yes
2608,somiwedrza1,Sottero & Midgley Wedding Dress - <br>ZANDER,SM9SC076,2325.00 ,"",Yes,"",Yes
2609,somiwedrzab,Sottero & Midgley Wedding Dress - Zartasha <br>,SMZartasha,2899.00 ,"",Yes,"",Yes
2610,somiwedrzi,Sottero & Midgley Wedding Dress -  <br>ZINNIA,SMZINNIA,2444.00 ,"",Yes,"",Yes
2611,somiwedrzila,Sottero & Midgley Wedding Dress -  <br>ZINNIA LANE,SMZINNIALANE,1945.00 ,"",Yes,"",Yes
2616,usanflgidr,US Angels Flower Girl Dresses,NULL,"","",No,"",Yes
